id,R,E,A,phase,Tc,mod,window,retained,rank,smin,smax,target,supported,defect,whitened_defect,se,kappa
0,0.15,20,2,-0.9,25,0,128,31,20,0.00018546142610913118,0.8882297044936053,voltage,False,0.7897819756216509,0.7897819756216506,,
0,0.15,20,2,-0.9,25,0,128,31,20,0.00018546142610913118,0.8882297044936053,resistance,True,4.7017663158102615e-14,4.9237929623595247e-14,1.685937498743736,1595.4882090013393
0,0.15,20,2,-0.9,25,0,512,109,34,0.00012070558097514027,0.7020267583587937,voltage,True,8.540005138855572e-15,3.474660980143752e-14,4.615664649198636,318.93976026663523
0,0.15,20,2,-0.9,25,0,512,109,34,0.00012070558097514027,0.7020267583587937,resistance,True,1.4746862830561952e-14,6.924964763029398e-14,0.8813008997539297,1311.4010893840173
0,0.15,20,2,-0.9,25,0,2048,420,36,0.0010812684567120432,0.6319807076819097,voltage,True,1.2896274169170354e-14,6.2676217471707775e-15,1.7501530866327077,209.7777726045776
0,0.15,20,2,-0.9,25,0,2048,420,36,0.0010812684567120432,0.6319807076819097,resistance,True,1.5741837878204522e-14,2.089425749524907e-14,0.13510530756392491,314.5721215099112
0,0.15,20,2,-0.9,25,0,4096,822,36,0.001093695893900966,0.6085910989398393,voltage,True,1.3108375160666639e-14,2.344728991921787e-14,1.2517592440028338,202.158028933004
0,0.15,20,2,-0.9,25,0,4096,822,36,0.001093695893900966,0.6085910989398393,resistance,True,8.197285986652144e-15,2.0094090948297477e-14,0.08906536924544275,279.2736340179367
1,0.15,20,2,-0.9,25,1,128,29,18,0.0002665485832548729,0.8392693328996793,voltage,False,1.0,1.0,,
1,0.15,20,2,-0.9,25,1,128,29,18,0.0002665485832548729,0.8392693328996793,resistance,False,0.7475411444675377,0.7475411444675367,,
1,0.15,20,2,-0.9,25,1,512,177,35,0.00040143903561387563,0.6797614380917537,voltage,True,2.052741626641128e-15,1.580219118072584e-15,0.20279367542877533,18.478159306938334
1,0.15,20,2,-0.9,25,1,512,177,35,0.00040143903561387563,0.6797614380917537,resistance,True,4.226517476848627e-14,2.5510497386832263e-14,0.3790047207538497,699.4547195617491
1,0.15,20,2,-0.9,25,1,2048,579,36,0.0028573071448496938,0.5995953411760365,voltage,True,1.5299700620743633e-15,2.009724428925126e-15,0.09041534646615033,14.368815627881377
1,0.15,20,2,-0.9,25,1,2048,579,36,0.0028573071448496938,0.5995953411760365,resistance,True,3.883341687437228e-15,2.6650367193505208e-15,0.03895441624012203,141.5662758119365
1,0.15,20,2,-0.9,25,1,4096,1063,36,0.0032759055499499835,0.5747195875154179,voltage,True,1.9480150399948777e-15,1.3033762509711798e-15,0.05940447446331213,12.952025083695364
1,0.15,20,2,-0.9,25,1,4096,1063,36,0.0032759055499499835,0.5747195875154179,resistance,True,7.50015104968997e-15,3.1968137251111605e-15,0.025751647554485346,125.97461539372915
2,0.15,20,2,-0.9,75,0,128,28,20,2.1257837350028206e-05,0.8530003395822837,voltage,False,0.7832427206636184,0.7832427206636207,,
2,0.15,20,2,-0.9,75,0,128,28,20,2.1257837350028206e-05,0.8530003395822837,resistance,False,0.7448077364492057,0.7448077364492118,,
2,0.15,20,2,-0.9,75,0,512,105,34,0.0003173819112246263,0.7017456580346509,voltage,True,2.4613108807558746e-14,3.4156525680930626e-14,5.885624996628723,418.39117931081375
2,0.15,20,2,-0.9,75,0,512,105,34,0.0003173819112246263,0.7017456580346509,resistance,True,1.5134744312148339e-13,1.2609764751216958e-13,0.9118425372807415,1326.4657565721382
2,0.15,20,2,-0.9,75,0,2048,434,36,0.0008321289623033982,0.6502374261694963,voltage,True,1.5497775915686344e-14,2.1448095441595577e-14,1.998689300970769,266.9869444607864
2,0.15,20,2,-0.9,75,0,2048,434,36,0.0008321289623033982,0.6502374261694963,resistance,True,9.777515807378031e-15,4.791979844385982e-15,0.1377963614031341,384.9994203091699
2,0.15,20,2,-0.9,75,0,4096,884,36,0.001545601924842594,0.6322420374474012,voltage,True,3.638518912832459e-15,1.5826026346445673e-15,0.12800636891219644,25.149286406950296
2,0.15,20,2,-0.9,75,0,4096,884,36,0.001545601924842594,0.6322420374474012,resistance,True,2.92289686590271e-14,1.1983698558983884e-14,0.09268227742490266,366.2740328119648
3,0.15,20,2,-0.9,75,1,128,34,21,0.0008218665658289256,0.782901516271937,voltage,False,0.7897640638030515,0.7897640638030511,,
3,0.15,20,2,-0.9,75,1,128,34,21,0.0008218665658289256,0.782901516271937,resistance,True,2.3379126225723867e-14,1.3929476611570576e-14,0.8181521057195854,666.5447422007919
3,0.15,20,2,-0.9,75,1,512,197,35,0.00047138008682706987,0.6414953382266794,voltage,True,1.6395168805541155e-15,1.6247036608949036e-15,0.11385411909365978,12.410473936757397
3,0.15,20,2,-0.9,75,1,512,197,35,0.00047138008682706987,0.6414953382266794,resistance,True,1.6435723897957523e-14,1.8835505546710445e-14,0.2531924592800489,442.82581086339195
3,0.15,20,2,-0.9,75,1,2048,588,36,0.002713113768616153,0.6066672808750534,voltage,True,3.2153995469438706e-15,1.5246462490695483e-15,0.07964536494104967,14.630776934988765
3,0.15,20,2,-0.9,75,1,2048,588,36,0.002713113768616153,0.6066672808750534,resistance,True,4.2769835602661456e-15,3.2152477961984023e-15,0.03974080130538759,136.3018303195464
3,0.15,20,2,-0.9,75,1,4096,1139,36,0.003143771790862482,0.580540863283365,voltage,True,1.7394884508849868e-15,2.346273773516275e-15,0.053462617596258456,14.543708683209035
3,0.15,20,2,-0.9,75,1,4096,1139,36,0.003143771790862482,0.580540863283365,resistance,True,5.108828661506267e-15,4.62289719240321e-15,0.02844441056811786,143.03180171326247
4,0.15,20,2,0,25,0,128,36,14,0.00018526715904563384,0.8799540226769437,voltage,False,0.7745966692414836,0.7745966692414831,,
4,0.15,20,2,0,25,0,128,36,14,0.00018526715904563384,0.8799540226769437,resistance,False,0.7637626158259732,0.7637626158259735,,
4,0.15,20,2,0,25,0,512,163,35,0.00024952009616814705,0.7299756553024497,voltage,True,2.0540860026026392e-15,1.3800168394443805e-15,0.25953738469083626,26.007106375914898
4,0.15,20,2,0,25,0,512,163,35,0.00024952009616814705,0.7299756553024497,resistance,True,2.1912227494009477e-14,6.27978319653863e-15,0.2640223663649054,504.8323366826604
4,0.15,20,2,0,25,0,2048,647,36,0.001239557958406351,0.6520637511878895,voltage,True,3.758598664623167e-15,1.4189225576821002e-15,0.13313059046129286,26.15931551345235
4,0.15,20,2,0,25,0,2048,647,36,0.001239557958406351,0.6520637511878895,resistance,True,3.302265419260333e-14,2.3685206130916504e-15,0.1288379584537409,434.3942825506381
4,0.15,20,2,0,25,0,4096,1295,36,0.0012642096217714265,0.6249399044905612,voltage,True,5.306026522069474e-15,2.408070199752242e-15,0.10204489026351232,26.802980830790716
4,0.15,20,2,0,25,0,4096,1295,36,0.0012642096217714265,0.6249399044905612,resistance,True,4.364631718344832e-14,2.509667859769055e-14,0.08706808533871924,419.3969100852747
5,0.15,20,2,0,25,1,128,43,16,0.00016980205602582437,0.8414503695945517,voltage,False,0.5145929513539939,0.5145929513539937,,
5,0.15,20,2,0,25,1,128,43,16,0.00016980205602582437,0.8414503695945517,resistance,False,0.7636201889135457,0.7636201889135456,,
5,0.15,20,2,0,25,1,512,211,34,8.579316531771683e-05,0.6633587035474268,voltage,True,2.1428712157928603e-15,1.5241147101741436e-15,0.10551920669566507,13.725928597735397
5,0.15,20,2,0,25,1,512,211,34,8.579316531771683e-05,0.6633587035474268,resistance,True,9.222499910067544e-15,2.0002078393884425e-15,0.06304341448270734,182.4237096602327
5,0.15,20,2,0,25,1,2048,717,36,0.0029810397524006834,0.6103865700954441,voltage,True,2.51074936325269e-15,2.8824368146318297e-15,0.069342926003966,14.847728332055123
5,0.15,20,2,0,25,1,2048,717,36,0.0029810397524006834,0.6103865700954441,resistance,True,6.9533434400807e-15,1.2223883537202034e-14,0.03555474091331388,158.3204728607357
5,0.15,20,2,0,25,1,4096,1377,36,0.002982857512382986,0.5879653477998361,voltage,True,2.3843798326995064e-15,2.906542978688261e-15,0.04464914257981717,13.878427525100387
5,0.15,20,2,0,25,1,4096,1377,36,0.002982857512382986,0.5879653477998361,resistance,True,1.3960378764522212e-14,1.0548817568513518e-14,0.02122482909093179,141.76057016126506
6,0.15,20,2,0,75,0,128,33,14,0.00018690967361915112,0.8693022965514078,voltage,False,0.8302926737177526,0.8302926737177527,,
6,0.15,20,2,0,75,0,128,33,14,0.00018690967361915112,0.8693022965514078,resistance,False,0.7637555889205542,0.7637555889205541,,
6,0.15,20,2,0,75,0,512,149,32,0.00015294615012509643,0.7414766736302922,voltage,False,0.4083623627169258,0.4083623627169261,,
6,0.15,20,2,0,75,0,512,149,32,0.00015294615012509643,0.7414766736302922,resistance,True,1.0346144710935128e-14,1.1643340604747932e-14,0.41743365592747617,773.8680449402943
6,0.15,20,2,0,75,0,2048,638,36,0.001375735172649134,0.6402513347522425,voltage,True,1.862437105648543e-15,1.6230444162800004e-15,0.12220431941091459,22.682758496325413
6,0.15,20,2,0,75,0,2048,638,36,0.001375735172649134,0.6402513347522425,resistance,True,6.529032481211952e-15,1.0707379969122273e-14,0.1081344033236415,362.75108372139226
6,0.15,20,2,0,75,0,4096,1293,36,0.001567000919173064,0.6200850252418912,voltage,True,4.901411701324293e-15,1.5819978268366043e-15,0.08623212594989373,22.421468208571323
6,0.15,20,2,0,75,0,4096,1293,36,0.001567000919173064,0.6200850252418912,resistance,True,2.7583179170796375e-15,4.889398969230629e-15,0.06153207632068524,296.36683797045714
7,0.15,20,2,0,75,1,128,44,16,5.554036306971788e-05,0.8504866361237494,voltage,False,0.7687061147858077,0.7687061147858094,,
7,0.15,20,2,0,75,1,128,44,16,5.554036306971788e-05,0.8504866361237494,resistance,False,0.7595545253127495,0.7595545253127497,,
7,0.15,20,2,0,75,1,512,228,35,0.00019028145938789534,0.6484198995736629,voltage,True,1.1961179469481675e-15,1.1591692739206523e-15,0.12951012229191652,15.027017215824861
7,0.15,20,2,0,75,1,512,228,35,0.00019028145938789534,0.6484198995736629,resistance,True,4.908612811133222e-15,5.072125653159919e-15,0.06459311634821233,184.02517504312996
7,0.15,20,2,0,75,1,2048,735,36,0.0031113919612235433,0.6030602168106914,voltage,True,1.8195795755011475e-15,3.9331092013617955e-15,0.0806130638088962,15.60289193110257
7,0.15,20,2,0,75,1,2048,735,36,0.0031113919612235433,0.6030602168106914,resistance,True,4.544231704349244e-15,1.1446407339500905e-14,0.0330874669698729,155.3266838104157
7,0.15,20,2,0,75,1,4096,1403,36,0.003410166005823683,0.581854720772253,voltage,True,2.4495335625283883e-15,3.074797565112369e-15,0.043647600109607027,13.746403348562552
7,0.15,20,2,0,75,1,4096,1403,36,0.003410166005823683,0.581854720772253,resistance,True,2.012105919479717e-15,3.1812200927374842e-15,0.017695680210252033,128.01062631530763
8,0.15,20,2,0.9,25,0,128,27,20,0.00011572558373608171,0.7769034823115444,voltage,False,0.5388914780932459,0.5388914780932462,,
8,0.15,20,2,0.9,25,0,128,27,20,0.00011572558373608171,0.7769034823115444,resistance,False,0.7453474738416574,0.7453474738416572,,
8,0.15,20,2,0.9,25,0,512,100,33,0.00023476606803271506,0.7282230213124122,voltage,False,0.42778480327663515,0.42778480327663493,,
8,0.15,20,2,0.9,25,0,512,100,33,0.00023476606803271506,0.7282230213124122,resistance,True,5.887731308048549e-15,9.535144085402681e-15,0.7762033545293747,1049.4164177858256
8,0.15,20,2,0.9,25,0,2048,395,35,0.0015007238478556542,0.634899793262927,voltage,False,0.40824148649578695,0.4082414864957882,,
8,0.15,20,2,0.9,25,0,2048,395,35,0.0015007238478556542,0.634899793262927,resistance,True,2.6915389475202896e-15,5.503831322547193e-15,0.12686708386184062,301.4126343647349
8,0.15,20,2,0.9,25,0,4096,821,36,0.0010749576757142763,0.6104336098061061,voltage,True,3.788545207518854e-14,8.95540493352938e-15,1.2678704142361608,209.47633992171578
8,0.15,20,2,0.9,25,0,4096,821,36,0.0010749576757142763,0.6104336098061061,resistance,True,4.414099470940597e-15,3.1391166471145383e-15,0.08816597320670498,282.08447904580447
9,0.15,20,2,0.9,25,1,128,37,21,0.0007477851439119952,0.7600252609719312,voltage,True,5.660381196646249e-15,1.1996424776569406e-14,8.202861446098348,358.80819983583336
9,0.15,20,2,0.9,25,1,128,37,21,0.0007477851439119952,0.7600252609719312,resistance,False,0.7453462152047897,0.7453462152047896,,
9,0.15,20,2,0.9,25,1,512,188,36,3.285248406824189e-05,0.6327530357121752,voltage,True,1.5352348276423277e-15,1.624535842624546e-15,0.24585645481919724,21.456128197276872
9,0.15,20,2,0.9,25,1,512,188,36,3.285248406824189e-05,0.6327530357121752,resistance,True,3.990533242987309e-15,4.275761907882896e-15,0.09038027444065996,170.98790220228105
9,0.15,20,2,0.9,25,1,2048,573,36,0.0028177462945980663,0.5897793481021727,voltage,True,1.6046950355475177e-15,3.5963088644589515e-15,0.10112760774825633,15.598329996425306
9,0.15,20,2,0.9,25,1,2048,573,36,0.0028177462945980663,0.5897793481021727,resistance,True,2.823580318768086e-15,2.809585254295185e-14,0.050885152304145226,159.1214178645164
9,0.15,20,2,0.9,25,1,4096,1109,36,0.003253557847692479,0.5640362939477666,voltage,True,2.3077713392615838e-15,1.9126260912119503e-15,0.05402658874374216,13.144645685130167
9,0.15,20,2,0.9,25,1,4096,1109,36,0.003253557847692479,0.5640362939477666,resistance,True,9.061417916321826e-15,4.346059267814704e-15,0.02872746809399438,132.05697690430011
10,0.15,20,2,0.9,75,0,128,23,18,0.0001521781195695121,0.8927074744795745,voltage,False,0.5400352886411055,0.5400352886411064,,
10,0.15,20,2,0.9,75,0,128,23,18,0.0001521781195695121,0.8927074744795745,resistance,False,0.7499843550423073,0.7499843550423071,,
10,0.15,20,2,0.9,75,0,512,103,35,0.0005316895084948712,0.7588762878987586,voltage,False,0.40824148649578723,0.40824148649578734,,
10,0.15,20,2,0.9,75,0,512,103,35,0.0005316895084948712,0.7588762878987586,resistance,True,2.8504234535335995e-15,4.699691745490823e-15,0.3134231046918382,398.61903805844264
10,0.15,20,2,0.9,75,0,2048,427,36,0.0008863023774192143,0.6317766943643994,voltage,True,1.4490616713794182e-14,1.382608735783019e-14,1.9840114004582836,242.12982588622026
10,0.15,20,2,0.9,75,0,2048,427,36,0.0008863023774192143,0.6317766943643994,resistance,True,2.3261331694474428e-15,2.595214649107021e-15,0.11648254269012288,279.3059256133323
10,0.15,20,2,0.9,75,0,4096,868,36,0.0015301317611409366,0.6229751365948253,voltage,True,3.6644556935438886e-15,2.546072847892756e-15,0.1696579055119489,31.226468755605918
10,0.15,20,2,0.9,75,0,4096,868,36,0.0015301317611409366,0.6229751365948253,resistance,True,3.3462696574207746e-15,2.474694084430433e-15,0.08112032918435287,278.17714243444016
11,0.15,20,2,0.9,75,1,128,33,21,0.0004585585495136249,0.7333929524100152,voltage,True,1.4367976879696602e-14,9.74724228355772e-15,9.597418739678645,366.26059901019073
11,0.15,20,2,0.9,75,1,128,33,21,0.0004585585495136249,0.7333929524100152,resistance,False,0.7453462321825386,0.7453462321825385,,
11,0.15,20,2,0.9,75,1,512,181,36,1.9279886032137992e-05,0.6281969149436313,voltage,True,1.7800812324938127e-15,1.3440894099777806e-15,0.22280252829732117,18.50394100170156
11,0.15,20,2,0.9,75,1,512,181,36,1.9279886032137992e-05,0.6281969149436313,resistance,True,3.0250293673320364e-15,7.04174341823573e-15,0.10188372643018734,177.98287929844298
11,0.15,20,2,0.9,75,1,2048,551,36,0.0031642542294437097,0.5742645294708725,voltage,True,1.7004561406949996e-15,1.8878033737707222e-15,0.08149278756773033,13.002336804062608
11,0.15,20,2,0.9,75,1,2048,551,36,0.0031642542294437097,0.5742645294708725,resistance,True,9.359869655435252e-15,6.455377567680175e-15,0.0455668427942552,153.23406033079473
11,0.15,20,2,0.9,75,1,4096,1067,36,0.0032933866882376168,0.5585720736637849,voltage,True,1.811670903537641e-15,2.847814254235115e-15,0.054057180455200075,12.473998977384714
11,0.15,20,2,0.9,75,1,4096,1067,36,0.0032933866882376168,0.5585720736637849,resistance,True,6.3128744669891155e-15,1.6461703682806552e-14,0.029020554417374864,137.0362843330772
12,0.15,20,8,-0.9,25,0,128,101,23,0.0007886652759715306,0.821724096666052,voltage,False,0.03426389066892599,0.03426389066892657,,
12,0.15,20,8,-0.9,25,0,128,101,23,0.0007886652759715306,0.821724096666052,resistance,False,0.7408358292754647,0.7408358292754651,,
12,0.15,20,8,-0.9,25,0,512,411,36,0.00400005298025375,0.6715493181864772,voltage,True,1.2113717163384752e-15,2.1091316362651003e-15,0.02216992025073982,9.230159965017645
12,0.15,20,8,-0.9,25,0,512,411,36,0.00400005298025375,0.6715493181864772,resistance,True,3.0206596205112696e-15,2.155964074323775e-15,0.004398343870318218,61.51313395425094
12,0.15,20,8,-0.9,25,0,2048,1643,36,0.013815518783458838,0.6221547439609415,voltage,True,1.5858138202513428e-15,1.7566697553515192e-15,0.006381806959473852,9.901608302175422
12,0.15,20,8,-0.9,25,0,2048,1643,36,0.013815518783458838,0.6221547439609415,resistance,True,3.0452565037273026e-15,2.6507298591835148e-15,0.0009409866535769453,29.634182091832965
12,0.15,20,8,-0.9,25,0,4096,3286,36,0.014310311701617067,0.6179336306315196,voltage,True,2.0092368840076115e-15,1.3010092584351103e-15,0.00366108273840204,9.75970362424006
12,0.15,20,8,-0.9,25,0,4096,3286,36,0.014310311701617067,0.6179336306315196,resistance,True,2.2292564043166647e-15,1.365643752918658e-15,0.0006283057075063688,29.823310770361232
13,0.15,20,8,-0.9,25,1,128,103,21,0.0014521107621765983,0.7565136457553051,voltage,False,0.7453601562431734,0.7453601562431734,,
13,0.15,20,8,-0.9,25,1,128,103,21,0.0014521107621765983,0.7565136457553051,resistance,True,1.7491905686735012e-15,1.1006355033810017e-14,0.2919379810915792,391.25392627507466
13,0.15,20,8,-0.9,25,1,512,441,36,0.006209402241152927,0.7043206572631961,voltage,True,2.0651359681396745e-15,1.2644572161793924e-15,0.01449940138701127,8.103226006728175
13,0.15,20,8,-0.9,25,1,512,441,36,0.006209402241152927,0.7043206572631961,resistance,True,8.56658715670723e-15,3.0709239099987933e-15,0.0048797946415429765,81.27920744285993
13,0.15,20,8,-0.9,25,1,2048,1682,36,0.019492050721962497,0.635237766204485,voltage,True,2.3369612221549923e-15,1.1472212091048124e-15,0.0029379346517322295,8.582416487303307
13,0.15,20,8,-0.9,25,1,2048,1682,36,0.019492050721962497,0.635237766204485,resistance,True,1.8500937094918905e-15,1.9077482731152115e-15,0.0007071499893975797,24.427899784506337
13,0.15,20,8,-0.9,25,1,4096,3339,36,0.02125322831013362,0.6247015170011176,voltage,True,1.445615224638449e-15,1.650416817698722e-15,0.001948704324062974,7.816682776066776
13,0.15,20,8,-0.9,25,1,4096,3339,36,0.02125322831013362,0.6247015170011176,resistance,True,1.5581125753964205e-15,1.5132263040788203e-15,0.0003649758579996966,22.69917237281771
14,0.15,20,8,-0.9,75,0,128,102,21,0.00206904652902352,0.8294524689302238,voltage,False,0.7459068776356347,0.7459068776356351,,
14,0.15,20,8,-0.9,75,0,128,102,21,0.00206904652902352,0.8294524689302238,resistance,False,0.7446668129907644,0.7446668129907651,,
14,0.15,20,8,-0.9,75,0,512,421,36,0.00601666456017524,0.6722888544627188,voltage,True,1.8268946809690126e-15,9.519731977593767e-16,0.019863318149964695,11.751882093394173
14,0.15,20,8,-0.9,75,0,512,421,36,0.00601666456017524,0.6722888544627188,resistance,True,3.654391750946124e-15,3.532496115903589e-15,0.005675851462936478,61.640266476590114
14,0.15,20,8,-0.9,75,0,2048,1665,36,0.012614709026390298,0.6220138160578471,voltage,True,1.586590380776676e-15,1.5571371185094613e-15,0.006555956263805116,11.428614262339497
14,0.15,20,8,-0.9,75,0,2048,1665,36,0.012614709026390298,0.6220138160578471,resistance,True,2.4306071112038053e-15,3.58823445900124e-15,0.0008964406784202337,29.434876442402228
14,0.15,20,8,-0.9,75,0,4096,3321,36,0.014214093858062335,0.612627136930269,voltage,True,1.2611164491417254e-15,1.7326333352668138e-15,0.004174345761891256,10.11453011921056
14,0.15,20,8,-0.9,75,0,4096,3321,36,0.014214093858062335,0.612627136930269,resistance,True,2.481379467903048e-15,2.47246581888482e-15,0.0005845627501261486,28.69839234074638
15,0.15,20,8,-0.9,75,1,128,105,21,0.0008662229168506021,0.7972519293039327,voltage,False,0.7453629123947982,0.7453629123947992,,
15,0.15,20,8,-0.9,75,1,128,105,21,0.0008662229168506021,0.7972519293039327,resistance,True,7.50249581418309e-15,1.4791855778771093e-14,0.5579102846538844,687.3875300552174
15,0.15,20,8,-0.9,75,1,512,435,36,1.6207310877390354e-05,0.6992385218571039,voltage,True,1.3599151989615195e-15,2.0460210244046895e-15,0.029416641030334572,10.025525710911278
15,0.15,20,8,-0.9,75,1,512,435,36,1.6207310877390354e-05,0.6992385218571039,resistance,True,4.337408974290199e-15,5.352154159482395e-15,0.004180307292248746,39.2204651490468
15,0.15,20,8,-0.9,75,1,2048,1680,36,0.019821122727643144,0.6254423121398341,voltage,True,1.924246553734685e-15,1.666143899996989e-15,0.003992854837559661,9.689493716803485
15,0.15,20,8,-0.9,75,1,2048,1680,36,0.019821122727643144,0.6254423121398341,resistance,True,2.1943123383130954e-15,2.944769682074488e-15,0.0005818888693047274,23.491522619178753
15,0.15,20,8,-0.9,75,1,4096,3300,36,0.020533376831092073,0.619385509355781,voltage,True,3.066127752552242e-15,1.085132531922094e-15,0.0024017137856499676,7.84471999501923
15,0.15,20,8,-0.9,75,1,4096,3300,36,0.020533376831092073,0.619385509355781,resistance,True,2.2204677222038778e-15,2.6664872623812928e-15,0.00037705709934550717,22.633119983999595
16,0.15,20,8,0,25,0,128,104,18,0.004479779418158078,0.7606286961794116,voltage,True,1.17459810822921e-15,1.831172803727312e-15,0.10255398561228393,9.794131857883508
16,0.15,20,8,0,25,0,128,104,18,0.004479779418158078,0.7606286961794116,resistance,False,0.747545001596402,0.7475450015964021,,
16,0.15,20,8,0,25,0,512,424,36,0.008128816612130522,0.6350312923663826,voltage,True,1.480550328681136e-15,1.2506467090552822e-15,0.03134468545873015,7.6926875324641735
16,0.15,20,8,0,25,0,512,424,36,0.008128816612130522,0.6350312923663826,resistance,True,1.4389908748234363e-15,1.4722973239454525e-15,0.004546005927008138,37.01312237299327
16,0.15,20,8,0,25,0,2048,1666,36,0.01673936262324725,0.5958892190355822,voltage,True,1.917038706010499e-15,1.8440313968121755e-15,0.009218304439517485,7.682282592166079
16,0.15,20,8,0,25,0,2048,1666,36,0.01673936262324725,0.5958892190355822,resistance,True,3.4037992141834204e-15,4.124502580890596e-15,0.0010431026119707722,28.120380351541947
16,0.15,20,8,0,25,0,4096,3354,36,0.01800556167297234,0.5902227818681691,voltage,True,2.1776998119272123e-15,1.413404311284053e-15,0.0065105616632367466,7.910399748996934
16,0.15,20,8,0,25,0,4096,3354,36,0.01800556167297234,0.5902227818681691,resistance,True,2.419470695883731e-15,2.6444667088007673e-15,0.0006150966280236331,26.492130307724818
17,0.15,20,8,0,25,1,128,109,18,0.00561341847782873,0.8139797497552559,voltage,True,1.2699509105041493e-15,1.1484877454814245e-15,0.06995409994455198,9.726783175780403
17,0.15,20,8,0,25,1,128,109,18,0.00561341847782873,0.8139797497552559,resistance,False,0.7475450015964019,0.7475450015964019,,
17,0.15,20,8,0,25,1,512,442,36,0.011239499694323038,0.7065025209666763,voltage,True,1.8165655276423475e-15,1.515197002748565e-15,0.02750733107596423,8.204087149287284
17,0.15,20,8,0,25,1,512,442,36,0.011239499694323038,0.7065025209666763,resistance,True,1.6912563565187354e-15,2.387076188438861e-15,0.0029865554216278434,28.37500211680546
17,0.15,20,8,0,25,1,2048,1728,36,0.023437156451635823,0.6220960689528764,voltage,True,2.0088385161653207e-15,1.256919448797827e-15,0.0065054226002450085,7.631344959999045
17,0.15,20,8,0,25,1,2048,1728,36,0.023437156451635823,0.6220960689528764,resistance,True,1.6291324107753584e-15,1.5483185559595384e-15,0.0006795814253202292,20.871514891089117
17,0.15,20,8,0,25,1,4096,3410,36,0.025320324609072076,0.6135802078791835,voltage,True,3.385811608991541e-15,2.561253385822862e-15,0.004190052710413144,7.296378167747371
17,0.15,20,8,0,25,1,4096,3410,36,0.025320324609072076,0.6135802078791835,resistance,True,3.0194781166441942e-15,1.735778755359688e-15,0.0003663740698779786,20.1590495122215
18,0.15,20,8,0,75,0,128,105,18,0.0036564852821412484,0.8253442494376544,voltage,True,2.0617092381074334e-15,3.759725444052942e-15,0.1299119498952671,14.040968274056565
18,0.15,20,8,0,75,0,128,105,18,0.0036564852821412484,0.8253442494376544,resistance,False,0.747545001596402,0.7475450015964017,,
18,0.15,20,8,0,75,0,512,424,36,0.007936387034848051,0.6368220236025615,voltage,True,1.538231800491403e-15,2.988691874732031e-15,0.030227907517299642,7.757385155004772
18,0.15,20,8,0,75,0,512,424,36,0.007936387034848051,0.6368220236025615,resistance,True,1.4532125652741883e-15,2.0093556593101963e-15,0.005120855733816631,35.353151529568635
18,0.15,20,8,0,75,0,2048,1679,36,0.018303383789702844,0.597655753974992,voltage,True,2.115965839721147e-15,2.4168095289590625e-15,0.01047602673030081,7.84116219442157
18,0.15,20,8,0,75,0,2048,1679,36,0.018303383789702844,0.597655753974992,resistance,True,1.966766535870715e-15,2.3459827628483643e-15,0.0009319240156069968,25.644513774906986
18,0.15,20,8,0,75,0,4096,3376,36,0.01867224646379403,0.5884649656221037,voltage,True,1.919959369099587e-15,2.3254563137951013e-15,0.006474122864047947,7.869384786081502
18,0.15,20,8,0,75,0,4096,3376,36,0.01867224646379403,0.5884649656221037,resistance,True,2.4222629099858458e-15,2.2665724061144483e-15,0.000615046000214143,25.699828887883104
19,0.15,20,8,0,75,1,128,108,18,0.005876247615083669,0.7843925003830992,voltage,True,1.5325528282473468e-15,2.7720606950488417e-15,0.06907580121488925,9.340623040863967
19,0.15,20,8,0,75,1,128,108,18,0.005876247615083669,0.7843925003830992,resistance,False,0.7475450015964019,0.7475450015964018,,
19,0.15,20,8,0,75,1,512,443,36,0.010039190968410801,0.6875249104529298,voltage,True,1.329021871611293e-15,2.7456658661226018e-15,0.027791856259513675,7.950020356211934
19,0.15,20,8,0,75,1,512,443,36,0.010039190968410801,0.6875249104529298,resistance,True,1.4438951361056165e-15,1.4158545202127983e-15,0.002597358366552522,32.2878906039243
19,0.15,20,8,0,75,1,2048,1709,36,0.023535425418679964,0.6190014996830604,voltage,True,2.0533299578758238e-15,2.0046205344009013e-15,0.006869196512952503,7.543794980756115
19,0.15,20,8,0,75,1,2048,1709,36,0.023535425418679964,0.6190014996830604,resistance,True,1.5761332209414178e-15,1.357741159387648e-15,0.00048744194914222193,19.731225787656598
19,0.15,20,8,0,75,1,4096,3376,36,0.025592510904160246,0.611545494091388,voltage,True,1.8553788152532886e-15,1.8735764587129902e-15,0.004599826661606139,7.275797369118691
19,0.15,20,8,0,75,1,4096,3376,36,0.025592510904160246,0.611545494091388,resistance,True,1.2503931302065025e-15,1.779441069308651e-15,0.0002910299076897821,18.53165958889477
20,0.15,20,8,0.9,25,0,128,103,22,0.0008710814898016549,0.7591704971810718,voltage,True,2.069817285203e-15,3.017146563015654e-14,0.3613060634195144,39.95609768795804
20,0.15,20,8,0.9,25,0,128,103,22,0.0008710814898016549,0.7591704971810718,resistance,False,0.7416198487095658,0.741619848709574,,
20,0.15,20,8,0.9,25,0,512,413,36,0.0022511252727309542,0.6299219009863347,voltage,True,2.01008850651447e-15,1.5187390910808397e-15,0.06426931468256186,21.826778583324256
20,0.15,20,8,0.9,25,0,512,413,36,0.0022511252727309542,0.6299219009863347,resistance,True,2.4536057945343634e-15,2.052888414547044e-15,0.0024459588040721164,32.912037305815495
20,0.15,20,8,0.9,25,0,2048,1644,36,0.00981585305112456,0.585272410255871,voltage,True,1.6578934950843002e-15,1.6890081522618067e-15,0.006946216989391473,8.769098203557336
20,0.15,20,8,0.9,25,0,2048,1644,36,0.00981585305112456,0.585272410255871,resistance,True,1.9784083723459256e-15,1.5375016630417719e-15,0.0008691124460797779,26.073164930997986
20,0.15,20,8,0.9,25,0,4096,3303,36,0.012326861657877343,0.5796385695801461,voltage,True,2.5905409400484336e-15,1.3831630000456408e-15,0.0053512300982619275,9.629372960086583
20,0.15,20,8,0.9,25,0,4096,3303,36,0.012326861657877343,0.5796385695801461,resistance,True,1.730798853555965e-15,1.6373306685782234e-15,0.0005792587080527954,25.436837421511303
21,0.15,20,8,0.9,25,1,128,105,22,0.0008665101742476596,0.7724608918428751,voltage,True,1.2558733678315612e-15,1.509799379156593e-14,0.26968492118942883,35.67394562548481
21,0.15,20,8,0.9,25,1,128,105,22,0.0008665101742476596,0.7724608918428751,resistance,False,0.7416198487095671,0.7416198487095554,,
21,0.15,20,8,0.9,25,1,512,427,36,0.002495132764498374,0.7183530351825024,voltage,True,1.2639809573741646e-15,1.7365599829711073e-15,0.03554601406369406,13.888254793852875
21,0.15,20,8,0.9,25,1,512,427,36,0.002495132764498374,0.7183530351825024,resistance,True,1.718375711961261e-15,1.7430066163488682e-15,0.0017944538782418316,30.25549409777617
21,0.15,20,8,0.9,25,1,2048,1666,36,0.017404617735838405,0.6167948090788764,voltage,True,1.9915729410214234e-15,1.3754486586885863e-15,0.005079437494550042,10.397627166494045
21,0.15,20,8,0.9,25,1,2048,1666,36,0.017404617735838405,0.6167948090788764,resistance,True,1.7352240123560367e-15,1.6939970971652187e-15,0.0005846121019632013,21.966884623866513
21,0.15,20,8,0.9,25,1,4096,3357,36,0.022229317990664046,0.6083922676705905,voltage,True,3.625916307680143e-15,1.5908403284808925e-15,0.002456944263254208,8.420935150548152
21,0.15,20,8,0.9,25,1,4096,3357,36,0.022229317990664046,0.6083922676705905,resistance,True,2.0291615142659063e-15,1.6129149516861225e-15,0.0003287403903351139,20.300572338016227
22,0.15,20,8,0.9,75,0,128,102,22,0.0008832073468577589,0.7288479403366117,voltage,True,2.2448815002380925e-15,1.845002572083914e-14,0.4856818611531976,52.812630050442564
22,0.15,20,8,0.9,75,0,128,102,22,0.0008832073468577589,0.7288479403366117,resistance,False,0.7416198487095661,0.7416198487095688,,
22,0.15,20,8,0.9,75,0,512,417,36,0.005825515698020514,0.6446349770802985,voltage,True,9.048595843653083e-16,1.5101438964652383e-15,0.04321955389964429,11.971904118862541
22,0.15,20,8,0.9,75,0,512,417,36,0.005825515698020514,0.6446349770802985,resistance,True,1.79089419798022e-15,2.3159670304119753e-15,0.0023441362015832958,29.877782708635316
22,0.15,20,8,0.9,75,0,2048,1679,36,0.017037079345316227,0.591157324083301,voltage,True,1.4157519775009094e-15,1.672530246819402e-15,0.007665664049104821,8.68835250536187
22,0.15,20,8,0.9,75,0,2048,1679,36,0.017037079345316227,0.591157324083301,resistance,True,1.728463525497708e-15,3.1397345939693696e-15,0.000846144838033408,25.81451407218153
22,0.15,20,8,0.9,75,0,4096,3365,36,0.01593389243500373,0.5807460615545613,voltage,True,2.398292675459867e-15,1.9352088099709928e-15,0.002979167389240825,8.091856929571197
22,0.15,20,8,0.9,75,0,4096,3365,36,0.01593389243500373,0.5807460615545613,resistance,True,2.491693441651654e-15,1.785490561918102e-15,0.0005240823688908698,25.21909288482494
23,0.15,20,8,0.9,75,1,128,107,22,0.0005492335833715302,0.7782843598033811,voltage,True,1.6624185667062584e-15,4.2928559715033796e-15,0.24797466490667608,36.28051223533472
23,0.15,20,8,0.9,75,1,128,107,22,0.0005492335833715302,0.7782843598033811,resistance,False,0.7416198487095662,0.7416198487095654,,
23,0.15,20,8,0.9,75,1,512,425,36,0.0012465678318651534,0.7167543470186456,voltage,True,1.7124095168444864e-15,3.242706685206995e-15,0.0429685206891541,16.233430435437164
23,0.15,20,8,0.9,75,1,512,425,36,0.0012465678318651534,0.7167543470186456,resistance,True,1.4069384340414212e-15,1.9639480149085855e-15,0.001854869821086461,30.717679758592233
23,0.15,20,8,0.9,75,1,2048,1687,36,0.018759658201481795,0.6161953737754319,voltage,True,1.6009305922555719e-15,1.7933675713669483e-15,0.0060618652538158325,9.657915177837811
23,0.15,20,8,0.9,75,1,2048,1687,36,0.018759658201481795,0.6161953737754319,resistance,True,2.1433075170703135e-15,1.447645867380764e-15,0.0005876720085543774,24.51169298025106
23,0.15,20,8,0.9,75,1,4096,3390,36,0.021038683413996218,0.6084797497051908,voltage,True,4.39422379860561e-15,1.7014738475417121e-15,0.0020090145054713774,7.94912632601417
23,0.15,20,8,0.9,75,1,4096,3390,36,0.021038683413996218,0.6084797497051908,resistance,True,2.4162905299347904e-15,1.728596082418885e-15,0.00031984052288921646,22.071340080925374
24,0.15,20,20,-0.9,25,0,128,117,22,0.0011054933741380325,1.1403362363796385,voltage,False,0.7453559924999298,0.7453559924999298,,
24,0.15,20,20,-0.9,25,0,128,117,22,0.0011054933741380325,1.1403362363796385,resistance,True,2.6810984176022253e-15,8.45450391201995e-14,0.3105405849804917,765.9137279993994
24,0.15,20,20,-0.9,25,0,512,479,36,0.013083604347682895,1.0359911486542508,voltage,True,1.5520037148926969e-15,2.0484318068650653e-15,0.009914219063888936,12.3376151380544
24,0.15,20,20,-0.9,25,0,512,479,36,0.013083604347682895,1.0359911486542508,resistance,True,2.0659065251360354e-15,3.555247328256048e-15,0.0016318840102290226,31.495120102464536
24,0.15,20,20,-0.9,25,0,2048,1883,36,0.03374406214581647,1.014200233153383,voltage,True,1.834521236814871e-15,1.5938802320712497e-15,0.0039636453049577604,14.730019122952436
24,0.15,20,20,-0.9,25,0,2048,1883,36,0.03374406214581647,1.014200233153383,resistance,True,1.882338692284406e-15,1.9902304878385108e-15,0.00020698303505386643,17.259623412615493
24,0.15,20,20,-0.9,25,0,4096,3768,36,0.03878522184085769,1.0128182342409109,voltage,True,2.929692013512129e-15,1.785568588517302e-15,0.0025464572462800985,13.992711383960799
24,0.15,20,20,-0.9,25,0,4096,3768,36,0.03878522184085769,1.0128182342409109,resistance,True,2.8482653350791386e-15,1.3097453014319568e-15,0.0001405173210844785,17.027728490648787
25,0.15,20,20,-0.9,25,1,128,118,24,0.000415767653093059,1.2369054877087509,voltage,True,1.783744309450539e-15,6.338302249768492e-15,1.1478006842229946,112.71270477527494
25,0.15,20,20,-0.9,25,1,128,118,24,0.000415767653093059,1.2369054877087509,resistance,True,1.5470560502904835e-15,3.7217055329421276e-14,0.1832739360589664,444.1549195144671
25,0.15,20,20,-0.9,25,1,512,485,36,0.014825298773156574,1.289312184543733,voltage,True,1.4120321763756115e-15,1.3861028642588321e-15,0.008842984995867088,15.364769541689355
25,0.15,20,20,-0.9,25,1,512,485,36,0.014825298773156574,1.289312184543733,resistance,True,1.4042193424612443e-15,3.290849518519466e-15,0.0012543405880602173,25.268939592077974
25,0.15,20,20,-0.9,25,1,2048,1904,36,0.047201224688945734,1.124487064793858,voltage,True,1.7926598964789874e-15,1.5762674911418597e-15,0.003266206143210791,14.703490538780246
25,0.15,20,20,-0.9,25,1,2048,1904,36,0.047201224688945734,1.124487064793858,resistance,True,1.3974542967193402e-15,1.7276313632897762e-15,0.00015809459824334278,15.061168761564643
25,0.15,20,20,-0.9,25,1,4096,3779,36,0.05257647977726465,1.106635691987966,voltage,True,2.1909766499387696e-15,1.552022575548349e-15,0.0016325050573083727,13.203558883065808
25,0.15,20,20,-0.9,25,1,4096,3779,36,0.05257647977726465,1.106635691987966,resistance,True,1.2526247872655832e-15,1.6516409729397813e-15,9.17600452293154e-05,13.478110176344643
26,0.15,20,20,-0.9,75,0,128,117,22,0.0016743027680895105,1.2014184389315237,voltage,False,0.74535599249993,0.74535599249993,,
26,0.15,20,20,-0.9,75,0,128,117,22,0.0016743027680895105,1.2014184389315237,resistance,True,2.397747320761733e-15,3.729918459653132e-14,0.26323122420025197,531.9105599042425
26,0.15,20,20,-0.9,75,0,512,476,36,0.01719290050444022,1.059012447381013,voltage,True,1.5369086882102637e-15,1.3938694876233297e-15,0.012662121976844451,13.136182465360335
26,0.15,20,20,-0.9,75,0,512,476,36,0.01719290050444022,1.059012447381013,resistance,True,3.577140901206347e-15,4.695965197375569e-15,0.0016527165382231757,34.08745572281169
26,0.15,20,20,-0.9,75,0,2048,1884,36,0.03474457630952058,1.0135140243394825,voltage,True,2.5576093154502486e-15,1.5284644762300519e-15,0.0027166716898781858,13.13100721192693
26,0.15,20,20,-0.9,75,0,2048,1884,36,0.03474457630952058,1.0135140243394825,resistance,True,1.90697729773919e-15,1.9051445883752802e-15,0.00020509734587310325,18.463017428854133
26,0.15,20,20,-0.9,75,0,4096,3776,36,0.03936901695577286,1.0087047944180172,voltage,True,2.2189189139790873e-15,1.5508948984415897e-15,0.001860696106652471,13.255028039152707
26,0.15,20,20,-0.9,75,0,4096,3776,36,0.03936901695577286,1.0087047944180172,resistance,True,1.557781038097542e-15,2.1866313389780693e-15,0.00013066922337720723,17.679910486040942
27,0.15,20,20,-0.9,75,1,128,120,24,0.0017436035865771938,1.22981162321131,voltage,True,1.3982039702914807e-15,1.766226852243808e-14,0.34168819153743224,45.062376398102586
27,0.15,20,20,-0.9,75,1,128,120,24,0.0017436035865771938,1.22981162321131,resistance,True,1.0881299869745788e-15,7.877638828735705e-15,0.2086775828019784,518.9694657633655
27,0.15,20,20,-0.9,75,1,512,489,36,0.01917052159065446,1.2812222384060084,voltage,True,2.0477605075713835e-15,3.540016711151985e-15,0.009871595290107107,13.629730117360337
27,0.15,20,20,-0.9,75,1,512,489,36,0.01917052159065446,1.2812222384060084,resistance,True,1.6384196255481798e-15,2.3359474502183237e-15,0.0015801849582782479,25.152146885286044
27,0.15,20,20,-0.9,75,1,2048,1890,36,0.04840407295348449,1.1229746962261882,voltage,True,1.8396981294440714e-15,1.9214983548928227e-15,0.0025532352633971292,13.014938026627302
27,0.15,20,20,-0.9,75,1,2048,1890,36,0.04840407295348449,1.1229746962261882,resistance,True,1.56578650465676e-15,1.7264063453237152e-15,0.00022700432908279267,15.349361681243105
27,0.15,20,20,-0.9,75,1,4096,3759,36,0.05110610551703925,1.1033115312537978,voltage,True,1.9380540520990367e-15,1.636475595984263e-15,0.0017785021266829397,12.32357533730857
27,0.15,20,20,-0.9,75,1,4096,3759,36,0.05110610551703925,1.1033115312537978,resistance,True,1.5870480219584067e-15,1.6213363440759158e-15,0.00010762834088839184,14.409428767993917
28,0.15,20,20,0,25,0,128,121,18,0.007285896364612492,1.1199184921434344,voltage,True,1.2509131704636775e-15,3.2635538315690578e-15,0.054297644121650133,11.307873461461448
28,0.15,20,20,0,25,0,128,121,18,0.007285896364612492,1.1199184921434344,resistance,False,0.747545001596402,0.7475450015964014,,
28,0.15,20,20,0,25,0,512,475,36,0.029715983155855726,1.0242296891522897,voltage,True,1.7000900028805558e-15,2.011750661652511e-15,0.02322611625643777,11.805179800752962
28,0.15,20,20,0,25,0,512,475,36,0.029715983155855726,1.0242296891522897,resistance,True,1.4089597135145753e-15,2.694657995620808e-15,0.0008178704627579056,25.18162720957961
28,0.15,20,20,0,25,0,2048,1887,36,0.043818036434183825,1.000192025540223,voltage,True,1.5283587442918659e-15,1.4045229753630685e-15,0.004419026651252039,11.844261980010113
28,0.15,20,20,0,25,0,2048,1887,36,0.043818036434183825,1.000192025540223,resistance,True,2.041880600350141e-15,1.4891135137447454e-15,0.000228235227864259,15.656321817722288
28,0.15,20,20,0,25,0,4096,3786,36,0.04275725430115278,0.9986366318876054,voltage,True,2.742183307001388e-15,1.939310787166116e-15,0.0030208729160898147,12.236036061441709
28,0.15,20,20,0,25,0,4096,3786,36,0.04275725430115278,0.9986366318876054,resistance,True,1.8436958524322368e-15,1.3979509568522217e-15,0.00015526805043485095,15.601553281966423
29,0.15,20,20,0,25,1,128,122,18,0.003280185089279329,1.2414430771297642,voltage,True,1.2961470365522579e-15,7.115737843870375e-15,0.19427540314759734,57.559608903508625
29,0.15,20,20,0,25,1,128,122,18,0.003280185089279329,1.2414430771297642,resistance,False,0.7475450015964019,0.7475450015964027,,
29,0.15,20,20,0,25,1,512,494,36,0.013838120693765174,1.2890155900741842,voltage,True,1.6566048859924486e-15,2.344207220610293e-15,0.018238941345208048,14.961618004920098
29,0.15,20,20,0,25,1,512,494,36,0.013838120693765174,1.2890155900741842,resistance,True,1.5800811298732356e-15,1.7137496028177168e-15,0.0007269327904147095,18.569610063922383
29,0.15,20,20,0,25,1,2048,1923,36,0.05134962694736786,1.1108586553883075,voltage,True,1.716286142636384e-15,1.5218532594131733e-15,0.00329700374745942,12.947683556697047
29,0.15,20,20,0,25,1,2048,1923,36,0.05134962694736786,1.1108586553883075,resistance,True,1.4050182729169112e-15,1.639132110569357e-15,0.0001659803243248451,13.122220107511325
29,0.15,20,20,0,25,1,4096,3834,36,0.05223121566863559,1.0903443468103287,voltage,True,3.792594999081519e-15,1.6946983170874563e-15,0.0020080485398152217,12.216307340322206
29,0.15,20,20,0,25,1,4096,3834,36,0.05223121566863559,1.0903443468103287,resistance,True,2.5381765754911854e-15,1.210532545496836e-15,9.776405046928214e-05,13.306452953368701
30,0.15,20,20,0,75,0,128,120,18,0.006707132229800973,1.1224494176056008,voltage,True,1.1378209437345749e-15,2.230281670724574e-15,0.05829052092190782,11.748499648912325
30,0.15,20,20,0,75,0,128,120,18,0.006707132229800973,1.1224494176056008,resistance,False,0.747545001596402,0.7475450015964029,,
30,0.15,20,20,0,75,0,512,472,36,0.026855835098569127,1.0295278328249877,voltage,True,1.8039285122432396e-15,2.3469618933807583e-15,0.02464228166568653,12.022674208294827
30,0.15,20,20,0,75,0,512,472,36,0.026855835098569127,1.0295278328249877,resistance,True,1.5115470623047138e-15,2.435850254976318e-15,0.0009756630301081276,23.444540373238723
30,0.15,20,20,0,75,0,2048,1862,36,0.04457555850697087,0.9935616867077793,voltage,True,1.9199419187545746e-15,1.4181648251540727e-15,0.004183293836075116,11.892978054694225
30,0.15,20,20,0,75,0,2048,1862,36,0.04457555850697087,0.9935616867077793,resistance,True,1.7011114250975686e-15,1.5335731287675e-15,0.0002656686745320442,16.06915681930092
30,0.15,20,20,0,75,0,4096,3731,36,0.0439616958572669,0.991714849864716,voltage,True,2.3097100452949253e-15,1.652811254462965e-15,0.0026938639946924043,12.519524794348653
30,0.15,20,20,0,75,0,4096,3731,36,0.0439616958572669,0.991714849864716,resistance,True,1.6801148378238814e-15,1.2891669146365633e-15,0.00013428776064046522,14.29909492130357
31,0.15,20,20,0,75,1,128,122,18,0.00492880312097891,1.20003723293827,voltage,True,1.6454568190258308e-15,6.38614482298274e-15,0.16893334650572533,36.53543642666563
31,0.15,20,20,0,75,1,128,122,18,0.00492880312097891,1.20003723293827,resistance,False,0.747545001596402,0.7475450015964022,,
31,0.15,20,20,0,75,1,512,488,36,0.003576595492976724,1.2765035018580388,voltage,True,1.7370835057450876e-15,2.2146232105704864e-15,0.022091902481710942,15.226485855166056
31,0.15,20,20,0,75,1,512,488,36,0.003576595492976724,1.2765035018580388,resistance,True,1.5287779066990553e-15,1.6419826258393648e-15,0.0007336671603024727,18.139832804498408
31,0.15,20,20,0,75,1,2048,1921,36,0.052327511776742594,1.1066768422646485,voltage,True,1.827863636994411e-15,1.7071515255578103e-15,0.003147941111946133,12.546195158274548
31,0.15,20,20,0,75,1,2048,1921,36,0.052327511776742594,1.1066768422646485,resistance,True,1.5881262603436916e-15,1.1798593092679197e-15,0.00019554346092716103,14.703299247260162
31,0.15,20,20,0,75,1,4096,3823,36,0.05256593842301695,1.0857773938863122,voltage,True,2.5623714823477865e-15,1.6821982464799476e-15,0.0020951674704354187,11.838009253240685
31,0.15,20,20,0,75,1,4096,3823,36,0.05256593842301695,1.0857773938863122,resistance,True,1.3664174152405104e-15,1.6162104219954834e-15,8.797661942236236e-05,12.806064735849786
32,0.15,20,20,0.9,25,0,128,118,22,0.0038971614280142687,1.1527099504016176,voltage,True,2.1846648918157276e-15,1.2100042228006503e-14,0.18926371761031366,71.50813492823707
32,0.15,20,20,0.9,25,0,128,118,22,0.0038971614280142687,1.1527099504016176,resistance,False,0.741619848709566,0.7416198487095647,,
32,0.15,20,20,0.9,25,0,512,471,36,0.016056893130370155,1.0262515766234679,voltage,True,1.2702821620818952e-15,3.9469140201166884e-15,0.03152054850606518,21.635123050516505
32,0.15,20,20,0.9,25,0,512,471,36,0.016056893130370155,1.0262515766234679,resistance,True,2.044611631341709e-15,2.2178827323911435e-15,0.0008733862178089119,20.800981982326615
32,0.15,20,20,0.9,25,0,2048,1878,36,0.03995091961438237,0.9965274908990128,voltage,True,2.1017863633603463e-15,1.974633933813236e-15,0.004375657103792498,13.69711122358839
32,0.15,20,20,0.9,25,0,2048,1878,36,0.03995091961438237,0.9965274908990128,resistance,True,1.3162432834543147e-15,1.7249159117677783e-15,0.00028987149899449067,16.155088827908774
32,0.15,20,20,0.9,25,0,4096,3770,36,0.04158095719687725,0.9961458120830208,voltage,True,1.812627145427062e-15,2.0008872231802523e-15,0.0026465149504895104,13.348948032792174
32,0.15,20,20,0.9,25,0,4096,3770,36,0.04158095719687725,0.9961458120830208,resistance,True,1.4308780173765082e-15,1.9016667933068534e-15,0.00016719881073283497,15.52079962835911
33,0.15,20,20,0.9,25,1,128,116,24,0.0017364600314462657,1.2438064422362736,voltage,True,2.1998618946784105e-15,4.254347291591251e-15,0.16139230631923682,47.54312801837318
33,0.15,20,20,0.9,25,1,128,116,24,0.0017364600314462657,1.2438064422362736,resistance,False,0.7385489458759961,0.7385489458759973,,
33,0.15,20,20,0.9,25,1,512,473,36,0.015769449554327797,1.2850322919975112,voltage,True,1.7773525517054454e-15,4.433324603950274e-15,0.036594766796616544,44.36455302734488
33,0.15,20,20,0.9,25,1,512,473,36,0.015769449554327797,1.2850322919975112,resistance,True,1.5822491773504513e-15,2.987242077419165e-15,0.0009471022270085006,15.680762786208305
33,0.15,20,20,0.9,25,1,2048,1882,36,0.04185271545416155,1.1095669194296898,voltage,True,1.4949726749836686e-15,1.2000607558954335e-15,0.0032120801879693224,16.14760368083146
33,0.15,20,20,0.9,25,1,2048,1882,36,0.04185271545416155,1.1095669194296898,resistance,True,1.3844185034669928e-15,1.5346978207916926e-15,0.00021569817849789177,13.767781283193049
33,0.15,20,20,0.9,25,1,4096,3776,36,0.050644988295477485,1.0917141254496745,voltage,True,1.9717829052795373e-15,1.7189173443202776e-15,0.0019299624856354077,13.234138605524306
33,0.15,20,20,0.9,25,1,4096,3776,36,0.050644988295477485,1.0917141254496745,resistance,True,1.842695177532024e-15,1.0890729517431197e-15,0.00011017693006682917,12.573836059083582
34,0.15,20,20,0.9,75,0,128,118,22,0.003940608565632092,1.1358578945715603,voltage,True,2.0723137049768206e-15,4.923110988421984e-15,0.22755186315508796,69.45359915284358
34,0.15,20,20,0.9,75,0,128,118,22,0.003940608565632092,1.1358578945715603,resistance,False,0.7416198487095665,0.7416198487095651,,
34,0.15,20,20,0.9,75,0,512,473,36,0.009072954595174194,1.0325839794835463,voltage,True,1.422534031776295e-15,2.093589204823751e-15,0.0237212688686038,19.402302105922214
34,0.15,20,20,0.9,75,0,512,473,36,0.009072954595174194,1.0325839794835463,resistance,True,1.821439688464673e-15,1.4697661166229732e-15,0.0008801337697865497,19.498541906563794
34,0.15,20,20,0.9,75,0,2048,1890,36,0.03771891065502879,1.0034104769531635,voltage,True,2.2621321068122296e-15,1.8976139973314565e-15,0.007883165691264663,15.164481667286234
34,0.15,20,20,0.9,75,0,2048,1890,36,0.03771891065502879,1.0034104769531635,resistance,True,1.5199335375494487e-15,1.51641459522109e-15,0.00026300410989176144,17.647942464866208
34,0.15,20,20,0.9,75,0,4096,3782,36,0.0392595579795595,0.999617398921733,voltage,True,2.9854458286311524e-15,1.5034458371419796e-15,0.0025714537109696547,13.715664637464753
34,0.15,20,20,0.9,75,0,4096,3782,36,0.0392595579795595,0.999617398921733,resistance,True,1.7069182383414468e-15,1.9536915557931217e-15,0.00018113125958559134,16.919294325027135
35,0.15,20,20,0.9,75,1,128,114,24,0.0017549192179366795,1.2584729679848072,voltage,True,1.8030721694423195e-15,5.885101574112876e-15,0.1696284712691902,49.39668937588471
35,0.15,20,20,0.9,75,1,128,114,24,0.0017549192179366795,1.2584729679848072,resistance,False,0.7385489458759964,0.7385489458759951,,
35,0.15,20,20,0.9,75,1,512,482,36,0.015795040157296488,1.289011629268063,voltage,True,1.5874282976789471e-15,4.990452060965688e-15,0.029800144018672578,44.228111613815
35,0.15,20,20,0.9,75,1,512,482,36,0.015795040157296488,1.289011629268063,resistance,True,1.6532648974996427e-15,1.4927932461353112e-15,0.0007253507224157079,15.963791388126163
35,0.15,20,20,0.9,75,1,2048,1899,36,0.04514220892837489,1.1144631882494191,voltage,True,1.742343953318098e-15,1.6422054970206628e-15,0.003389810551508344,15.135833157057794
35,0.15,20,20,0.9,75,1,2048,1899,36,0.04514220892837489,1.1144631882494191,resistance,True,1.3971785589178426e-15,1.320700121643408e-15,0.0001969756677231741,13.818247505727234
35,0.15,20,20,0.9,75,1,4096,3788,36,0.04873037750087771,1.0945383363448178,voltage,True,2.924188303758712e-15,2.1959140672589114e-15,0.0016963804626605788,13.75041030339816
35,0.15,20,20,0.9,75,1,4096,3788,36,0.04873037750087771,1.0945383363448178,resistance,True,1.7221712492937359e-15,1.939760080296139e-15,0.00010503824816344234,13.11646272821199
36,0.15,160,2,-0.9,25,0,128,27,16,4.782191709116542e-05,0.6954166550462532,voltage,False,0.75955452531275,0.7595545253127501,,
36,0.15,160,2,-0.9,25,0,128,27,16,4.782191709116542e-05,0.6954166550462532,resistance,False,0.7527726527090807,0.7527726527090812,,
36,0.15,160,2,-0.9,25,0,512,96,32,0.00033253065258882195,0.5195015118136941,voltage,True,1.1569063276683303e-15,1.4176070517203774e-15,0.19387868284080348,9.394530483976547
36,0.15,160,2,-0.9,25,0,512,96,32,0.00033253065258882195,0.5195015118136941,resistance,False,0.7324253061723421,0.7324253061723419,,
36,0.15,160,2,-0.9,25,0,2048,437,36,0.001651227665695139,0.45838370481449814,voltage,True,1.0466355798109242e-15,1.090535658482692e-15,0.12081349571382659,11.153269549600253
36,0.15,160,2,-0.9,25,0,2048,437,36,0.001651227665695139,0.45838370481449814,resistance,True,1.813973537070799e-15,3.4707122078126007e-15,0.029659402734731367,59.71741870588833
36,0.15,160,2,-0.9,25,0,4096,910,36,0.0017275942301110344,0.44300706027101333,voltage,True,1.477475296727835e-15,1.778917938949365e-15,0.08279954602441482,10.4987220706598
36,0.15,160,2,-0.9,25,0,4096,910,36,0.0017275942301110344,0.44300706027101333,resistance,True,4.292776744410481e-15,2.3918469760513853e-15,0.019701240530244298,56.158453643119515
37,0.15,160,2,-0.9,25,1,128,26,15,3.143229007518368e-05,0.7052334168629987,voltage,False,0.7602333662060198,0.7602333662060206,,
37,0.15,160,2,-0.9,25,1,128,26,15,3.143229007518368e-05,0.7052334168629987,resistance,False,0.9994715078792317,0.9994715078792317,,
37,0.15,160,2,-0.9,25,1,512,188,32,0.00023819862975570723,0.5392848227849193,voltage,True,1.0892809211617531e-15,1.5753191930078683e-15,0.06918541824795144,7.273863894345583
37,0.15,160,2,-0.9,25,1,512,188,32,0.00023819862975570723,0.5392848227849193,resistance,False,0.7319250547114001,0.7319250547113999,,
37,0.15,160,2,-0.9,25,1,2048,553,36,0.0025731624342535675,0.46543809673809816,voltage,True,1.4605277749497355e-15,1.1262999863362286e-15,0.04623631409024844,7.6140854524063215
37,0.15,160,2,-0.9,25,1,2048,553,36,0.0025731624342535675,0.46543809673809816,resistance,True,2.21112869735359e-15,2.170291068907561e-15,0.015716234490744354,47.186946957315264
37,0.15,160,2,-0.9,25,1,4096,1034,36,0.0028024117699119292,0.46218756095028596,voltage,True,1.8291033089944925e-15,1.494629474358586e-15,0.03460032980088195,7.416999827504874
37,0.15,160,2,-0.9,25,1,4096,1034,36,0.0028024117699119292,0.46218756095028596,resistance,True,2.2284271272333874e-15,1.552525903068388e-15,0.011022294720483716,44.90336642622577
38,0.15,160,2,-0.9,75,0,128,22,16,7.525686880695688e-05,0.7112243086201679,voltage,False,0.7595545253127498,0.7595545253127504,,
38,0.15,160,2,-0.9,75,0,128,22,16,7.525686880695688e-05,0.7112243086201679,resistance,False,0.752772652709081,0.7527726527090798,,
38,0.15,160,2,-0.9,75,0,512,111,32,6.780778043061893e-06,0.5122645483232536,voltage,True,1.3682430211544583e-15,1.1409042429590323e-15,0.20738591313195376,10.833382665104887
38,0.15,160,2,-0.9,75,0,512,111,32,6.780778043061893e-06,0.5122645483232536,resistance,False,0.7319250547113993,0.7319250547114,,
38,0.15,160,2,-0.9,75,0,2048,426,36,0.0016800020949048864,0.43925998066707533,voltage,True,1.2554854190521022e-15,9.892592752292605e-16,0.12315362625801549,11.121391841793141
38,0.15,160,2,-0.9,75,0,2048,426,36,0.0016800020949048864,0.43925998066707533,resistance,True,4.377021509934508e-15,3.0274077223550465e-15,0.025373062366059882,53.48495300713752
38,0.15,160,2,-0.9,75,0,4096,832,36,0.0018659713596885217,0.43335094736179686,voltage,True,1.4019088046957606e-15,9.246118259422529e-16,0.0761660571243176,9.579214356708631
38,0.15,160,2,-0.9,75,0,4096,832,36,0.0018659713596885217,0.43335094736179686,resistance,True,4.007726858256014e-15,2.8068621343351934e-15,0.018518868856920348,52.40564620904024
39,0.15,160,2,-0.9,75,1,128,20,15,5.90064035924607e-05,0.6756839592623191,voltage,False,0.7600316013135011,0.7600316013134994,,
39,0.15,160,2,-0.9,75,1,128,20,15,5.90064035924607e-05,0.6756839592623191,resistance,False,0.999628664648413,0.999628664648413,,
39,0.15,160,2,-0.9,75,1,512,166,32,0.0002442235994534798,0.5451262420791924,voltage,True,1.5098935684596524e-15,1.3946665647731134e-15,0.09795999252317587,8.12022466071886
39,0.15,160,2,-0.9,75,1,512,166,32,0.0002442235994534798,0.5451262420791924,resistance,False,0.7319250547113997,0.7319250547114002,,
39,0.15,160,2,-0.9,75,1,2048,542,36,0.0025571589907846426,0.4589315799436321,voltage,True,1.956391304866837e-15,2.153845775761218e-15,0.061064325175796096,8.342376556487118
39,0.15,160,2,-0.9,75,1,2048,542,36,0.0025571589907846426,0.4589315799436321,resistance,True,1.6718711105908528e-15,2.8130325617641594e-15,0.015410674919709403,45.31321522378992
39,0.15,160,2,-0.9,75,1,4096,1016,36,0.0026937323557747707,0.4508716762214513,voltage,True,2.52991977438384e-15,1.737134254004624e-15,0.041352250576124766,7.5052499109649045
39,0.15,160,2,-0.9,75,1,4096,1016,36,0.0026937323557747707,0.4508716762214513,resistance,True,5.0021097284700015e-15,2.597987388899039e-15,0.010876806312263497,44.87722800387132
40,0.15,160,2,0,25,0,128,22,15,0.0013690206844484587,0.6390242349862426,voltage,False,0.768713937254439,0.768713937254439,,
40,0.15,160,2,0,25,0,128,22,15,0.0013690206844484587,0.6390242349862426,resistance,False,0.7637570642326605,0.7637570642326605,,
40,0.15,160,2,0,25,0,512,88,24,0.0017472343088566276,0.544082376605344,voltage,False,0.7453559924999299,0.7453559924999298,,
40,0.15,160,2,0,25,0,512,88,24,0.0017472343088566276,0.544082376605344,resistance,True,3.527134207448971e-15,2.026718211788913e-15,0.12978460927972177,125.40566110776959
40,0.15,160,2,0,25,0,2048,380,24,0.006911340567261899,0.47084072659043635,voltage,False,0.7453559924999295,0.7453559924999298,,
40,0.15,160,2,0,25,0,2048,380,24,0.006911340567261899,0.47084072659043635,resistance,True,3.0339571664325136e-15,2.385373240674755e-15,0.017739535120022198,43.54676051450209
40,0.15,160,2,0,25,0,4096,772,24,0.0068777526724356,0.4505558476351129,voltage,False,0.7453559924999296,0.7453559924999299,,
40,0.15,160,2,0,25,0,4096,772,24,0.0068777526724356,0.4505558476351129,resistance,True,4.460971007662393e-15,1.9652647103273432e-15,0.012225830878083904,40.90153158921122
41,0.15,160,2,0,25,1,128,22,14,2.4505450684918162e-06,0.6442474867553878,voltage,False,0.7745966692414765,0.7745966692414682,,
41,0.15,160,2,0,25,1,128,22,14,2.4505450684918162e-06,0.6442474867553878,resistance,False,0.7637626158259712,0.7637626158259535,,
41,0.15,160,2,0,25,1,512,171,24,0.001680471937923391,0.5624124555394296,voltage,False,0.7453559924999299,0.7453559924999298,,
41,0.15,160,2,0,25,1,512,171,24,0.001680471937923391,0.5624124555394296,resistance,True,2.7418230496360222e-15,2.3118882953751697e-15,0.04696104054081929,77.61038737592087
41,0.15,160,2,0,25,1,2048,456,24,0.0077775471164131214,0.46725808899306026,voltage,False,0.7453559924999298,0.7453559924999298,,
41,0.15,160,2,0,25,1,2048,456,24,0.0077775471164131214,0.46725808899306026,resistance,True,2.0649500368349324e-15,1.5521656914109376e-15,0.012471005719884916,35.071537523178
41,0.15,160,2,0,25,1,4096,882,24,0.00950106870306912,0.4585046694005068,voltage,False,0.7453559924999299,0.7453559924999299,,
41,0.15,160,2,0,25,1,4096,882,24,0.00950106870306912,0.4585046694005068,resistance,True,2.5933969948334116e-15,1.3568676862280372e-15,0.008749334591378171,35.02644032921138
42,0.15,160,2,0,75,0,128,18,14,0.0015086387515137688,0.6443612998894492,voltage,False,0.7687233200888626,0.7687233200888626,,
42,0.15,160,2,0,75,0,128,18,14,0.0015086387515137688,0.6443612998894492,resistance,False,0.7686890287736104,0.7686890287736108,,
42,0.15,160,2,0,75,0,512,77,24,0.002089257624592524,0.5396163574521382,voltage,False,0.7453559924999299,0.7453559924999298,,
42,0.15,160,2,0,75,0,512,77,24,0.002089257624592524,0.5396163574521382,resistance,True,1.9279512243631047e-15,2.5763202799094884e-15,0.12634945241921686,128.84584451248773
42,0.15,160,2,0,75,0,2048,283,24,0.004246211287614273,0.46567356849069086,voltage,False,0.7453559924999299,0.7453559924999298,,
42,0.15,160,2,0,75,0,2048,283,24,0.004246211287614273,0.46567356849069086,resistance,True,2.23869610645306e-15,2.4904962599050882e-15,0.025510509708283474,44.52455973803439
42,0.15,160,2,0,75,0,4096,565,24,0.0042442521242219075,0.44492307451915514,voltage,False,0.7453559924999298,0.7453559924999298,,
42,0.15,160,2,0,75,0,4096,565,24,0.0042442521242219075,0.44492307451915514,resistance,True,2.5177424964694776e-15,3.229510554328598e-15,0.017673062971278814,41.057723523718394
43,0.15,160,2,0,75,1,128,26,15,0.00125297142512704,0.6386616472722473,voltage,False,0.7687241783951008,0.7687241783951009,,
43,0.15,160,2,0,75,1,128,26,15,0.00125297142512704,0.6386616472722473,resistance,False,0.7637497959653318,0.7637497959653318,,
43,0.15,160,2,0,75,1,512,160,24,0.0013690838261419956,0.5524055950168423,voltage,False,0.7453559924999298,0.7453559924999299,,
43,0.15,160,2,0,75,1,512,160,24,0.0013690838261419956,0.5524055950168423,resistance,True,3.222746819445169e-15,4.071592011137668e-15,0.03699703136644754,73.8088998347533
43,0.15,160,2,0,75,1,2048,450,24,0.009318102044472837,0.4735049371957743,voltage,False,0.7453559924999296,0.7453559924999295,,
43,0.15,160,2,0,75,1,2048,450,24,0.009318102044472837,0.4735049371957743,resistance,True,2.251080741560797e-15,2.105407087438401e-15,0.013285934269902318,39.26088561337581
43,0.15,160,2,0,75,1,4096,866,24,0.00984632112355287,0.4590933119930825,voltage,False,0.7453559924999298,0.7453559924999299,,
43,0.15,160,2,0,75,1,4096,866,24,0.00984632112355287,0.4590933119930825,resistance,True,2.135372352395673e-15,1.1214853725303714e-15,0.007637115732353623,36.06852205979441
44,0.15,160,2,0.9,25,0,128,30,14,2.7148646724380878e-05,0.6753958972228107,voltage,False,0.768706114785807,0.768706114785807,,
44,0.15,160,2,0.9,25,0,128,30,14,2.7148646724380878e-05,0.6753958972228107,resistance,False,0.7595545253127496,0.7595545253127497,,
44,0.15,160,2,0.9,25,0,512,107,32,1.4650547618443143e-05,0.5041066176228649,voltage,False,0.7337993857053424,0.7337993857053425,,
44,0.15,160,2,0.9,25,0,512,107,32,1.4650547618443143e-05,0.5041066176228649,resistance,True,3.919023598303304e-15,2.238035911233748e-15,0.10161912275896502,100.75313968998488
44,0.15,160,2,0.9,25,0,2048,368,36,0.001375943776038454,0.4477410340941967,voltage,True,1.5804031045297143e-15,1.3007214609824619e-15,0.12347798557567355,9.80805165406787
44,0.15,160,2,0.9,25,0,2048,368,36,0.001375943776038454,0.4477410340941967,resistance,True,2.4414159488317827e-15,2.62559656039635e-15,0.03273016808980633,58.36163149243779
44,0.15,160,2,0.9,25,0,4096,713,36,0.001743105838538577,0.43526350374615996,voltage,True,1.2195877086103471e-15,1.2273787592992608e-15,0.09852932719844683,10.597327582141373
44,0.15,160,2,0.9,25,0,4096,713,36,0.001743105838538577,0.43526350374615996,resistance,True,2.0674275106815236e-15,3.251525116093751e-15,0.023833925348992896,56.74810312095628
45,0.15,160,2,0.9,25,1,128,37,14,5.304125193383894e-05,0.6858568966470782,voltage,False,0.7687061147858075,0.768706114785807,,
45,0.15,160,2,0.9,25,1,128,37,14,5.304125193383894e-05,0.6858568966470782,resistance,False,0.7595545253127501,0.7595545253127506,,
45,0.15,160,2,0.9,25,1,512,182,32,2.3743758813439346e-05,0.5255131587884736,voltage,False,0.7337993857053434,0.7337993857053434,,
45,0.15,160,2,0.9,25,1,512,182,32,2.3743758813439346e-05,0.5255131587884736,resistance,True,1.97492551765648e-15,2.248771365442067e-15,0.04636514586843748,74.92500244955762
45,0.15,160,2,0.9,25,1,2048,495,36,0.0018085475666551442,0.46201057413458346,voltage,True,1.8086488424864092e-15,1.2576418687763356e-15,0.09553446833721835,10.629252554475029
45,0.15,160,2,0.9,25,1,2048,495,36,0.0018085475666551442,0.46201057413458346,resistance,True,2.705297070366813e-15,1.7058604529813694e-15,0.01731906212438611,46.104043332108944
45,0.15,160,2,0.9,25,1,4096,955,36,0.001944797710764152,0.4600851527043804,voltage,True,2.010845823471967e-15,1.3923845997314135e-15,0.06540052455107893,10.14812882180663
45,0.15,160,2,0.9,25,1,4096,955,36,0.001944797710764152,0.4600851527043804,resistance,True,4.374814952714286e-15,3.0890364468063633e-15,0.010951145023481013,44.87348768777725
46,0.15,160,2,0.9,75,0,128,25,14,0.00036186914945608646,0.659705526448045,voltage,False,0.7687061147858073,0.7687061147858073,,
46,0.15,160,2,0.9,75,0,128,25,14,0.00036186914945608646,0.659705526448045,resistance,False,0.7595545253127497,0.7595545253127498,,
46,0.15,160,2,0.9,75,0,512,94,32,0.0001869129978158123,0.5188513428205414,voltage,False,0.7337993857053428,0.7337993857053429,,
46,0.15,160,2,0.9,75,0,512,94,32,0.0001869129978158123,0.5188513428205414,resistance,True,4.481985518622884e-15,3.835777312941126e-15,0.2514504430277378,228.89499871069427
46,0.15,160,2,0.9,75,0,2048,366,36,0.0015149355014786525,0.44354796310967365,voltage,True,8.313919231546409e-16,1.6505019466586658e-15,0.12544911981189813,9.985072249921584
46,0.15,160,2,0.9,75,0,2048,366,36,0.0015149355014786525,0.44354796310967365,resistance,True,2.9014983698468937e-15,2.059821810957418e-15,0.03281391083283305,59.712709771288345
46,0.15,160,2,0.9,75,0,4096,714,36,0.0017892605606655242,0.44130835451871364,voltage,True,1.3341885677245092e-15,1.9216523868425187e-15,0.0822567628542433,9.27639859679328
46,0.15,160,2,0.9,75,0,4096,714,36,0.0017892605606655242,0.44130835451871364,resistance,True,1.6710991271706135e-15,2.5823470235950135e-15,0.022664902570594603,56.95581044910335
47,0.15,160,2,0.9,75,1,128,30,14,0.0003136986725930239,0.6744047124269633,voltage,False,0.7687061147858075,0.7687061147858072,,
47,0.15,160,2,0.9,75,1,128,30,14,0.0003136986725930239,0.6744047124269633,resistance,False,0.7595545253127499,0.7595545253127501,,
47,0.15,160,2,0.9,75,1,512,160,32,0.0001351820850335955,0.5345168659869652,voltage,False,0.7337993857053428,0.7337993857053436,,
47,0.15,160,2,0.9,75,1,512,160,32,0.0001351820850335955,0.5345168659869652,resistance,True,2.8105924177993374e-15,3.138696027800663e-15,0.05523293270087724,87.28331116713004
47,0.15,160,2,0.9,75,1,2048,483,36,0.0018366518121276394,0.4587065466533113,voltage,True,1.7226984152898832e-15,1.0888325667739256e-15,0.09363431092102528,11.500044284908267
47,0.15,160,2,0.9,75,1,2048,483,36,0.0018366518121276394,0.4587065466533113,resistance,True,3.4029471805908646e-15,2.2125310010247795e-15,0.01892749916952389,46.815629323065615
47,0.15,160,2,0.9,75,1,4096,932,36,0.002451784994467142,0.4598131377771689,voltage,True,1.2274542896692212e-15,1.1454523004956278e-15,0.05684961962214459,8.962112718914748
47,0.15,160,2,0.9,75,1,4096,932,36,0.002451784994467142,0.4598131377771689,resistance,True,1.8784328700987223e-15,3.1054495058795204e-15,0.011365218649276395,44.80694694773149
48,0.15,160,8,-0.9,25,0,128,95,17,0.001588999590225679,0.7490687759225696,voltage,False,0.7529948434567486,0.7529948434567484,,
48,0.15,160,8,-0.9,25,0,128,95,17,0.001588999590225679,0.7490687759225696,resistance,False,0.7403930081024119,0.7403930081024189,,
48,0.15,160,8,-0.9,25,0,512,401,33,0.0012023642851796495,0.5982595110602338,voltage,True,1.1660995753413729e-15,1.3249121969921933e-15,0.02846447643697719,8.329222333339612
48,0.15,160,8,-0.9,25,0,512,401,33,0.0012023642851796495,0.5982595110602338,resistance,False,0.7197367789744119,0.7197367789744132,,
48,0.15,160,8,-0.9,25,0,2048,1633,36,0.009859508453707033,0.5600679046051243,voltage,True,1.8514584840039217e-15,2.531103790602008e-15,0.007559744551506859,8.209160382861008
48,0.15,160,8,-0.9,25,0,2048,1633,36,0.009859508453707033,0.5600679046051243,resistance,True,1.9850563596370887e-15,2.4295620861961774e-15,0.0009404930570538996,21.891954670618766
48,0.15,160,8,-0.9,25,0,4096,3281,36,0.010774442705338252,0.5567549634812103,voltage,True,4.049572252928084e-15,1.5363885097837345e-15,0.004377813654084117,7.910086044116354
48,0.15,160,8,-0.9,25,0,4096,3281,36,0.010774442705338252,0.5567549634812103,resistance,True,2.2352013972512953e-15,3.677053014135474e-15,0.0006043432808585395,21.14723164774761
49,0.15,160,8,-0.9,25,1,128,97,17,0.002018203141521565,0.7692717010770582,voltage,False,0.7529948434567486,0.7529948434567488,,
49,0.15,160,8,-0.9,25,1,128,97,17,0.002018203141521565,0.7692717010770582,resistance,False,0.7403930081024126,0.7403930081024196,,
49,0.15,160,8,-0.9,25,1,512,431,33,0.0011610683012524023,0.6684337430148255,voltage,True,1.8471139357475726e-15,1.2972088545155763e-15,0.01739767168989458,8.635188898484317
49,0.15,160,8,-0.9,25,1,512,431,33,0.0011610683012524023,0.6684337430148255,resistance,False,0.7197367789744115,0.71973677897441,,
49,0.15,160,8,-0.9,25,1,2048,1664,36,0.012891544250626333,0.5878346210928119,voltage,True,1.8081700984112637e-15,1.706847869042639e-15,0.0033816058148386135,7.761764438653186
49,0.15,160,8,-0.9,25,1,2048,1664,36,0.012891544250626333,0.5878346210928119,resistance,True,2.0039232087822558e-15,1.7202777476388668e-15,0.00025432214510274755,16.0580010759399
49,0.15,160,8,-0.9,25,1,4096,3282,36,0.014036530165392557,0.5806028248321178,voltage,True,1.710591747207932e-15,1.5915243853561079e-15,0.001941250853115791,6.755707322199524
49,0.15,160,8,-0.9,25,1,4096,3282,36,0.014036530165392557,0.5806028248321178,resistance,True,1.347450007084006e-15,1.5471379320852776e-15,0.0001353555167295853,14.595986703326265
50,0.15,160,8,-0.9,75,0,128,100,17,0.0014065346784867068,0.7538116483014626,voltage,False,0.7529944504623465,0.7529944504623461,,
50,0.15,160,8,-0.9,75,0,128,100,17,0.0014065346784867068,0.7538116483014626,resistance,False,0.7404150902724799,0.7404150902724806,,
50,0.15,160,8,-0.9,75,0,512,422,33,0.0011690487186551861,0.6070867714741393,voltage,True,1.3575539973901093e-15,2.3719685290613037e-15,0.02413148816879813,8.345707387163573
50,0.15,160,8,-0.9,75,0,512,422,33,0.0011690487186551861,0.6070867714741393,resistance,False,0.7197585129601378,0.7197585129601385,,
50,0.15,160,8,-0.9,75,0,2048,1657,36,0.009918122719703465,0.5621536047408389,voltage,True,2.182901893740243e-15,1.2497971630352637e-15,0.006632270337065325,8.522966637093027
50,0.15,160,8,-0.9,75,0,2048,1657,36,0.009918122719703465,0.5621536047408389,resistance,True,1.847463229045458e-15,3.1670859531513375e-15,0.0008882488388702915,21.76279308869129
50,0.15,160,8,-0.9,75,0,4096,3305,36,0.010522208231933556,0.5579578234880448,voltage,True,1.9209096208575426e-15,1.3532976531469432e-15,0.004715654255053198,8.160880406955672
50,0.15,160,8,-0.9,75,0,4096,3305,36,0.010522208231933556,0.5579578234880448,resistance,True,2.3315163214045056e-15,2.8376275842351528e-15,0.0006536150833219912,21.377771508226274
51,0.15,160,8,-0.9,75,1,128,95,17,0.0014272110655293281,0.7685152458940194,voltage,False,0.7529944504623468,0.7529944504623466,,
51,0.15,160,8,-0.9,75,1,128,95,17,0.0014272110655293281,0.7685152458940194,resistance,False,0.7404150902724809,0.7404150902724858,,
51,0.15,160,8,-0.9,75,1,512,432,33,0.0011567158225658887,0.6710077117788481,voltage,True,2.042080390572935e-15,1.6624672243111794e-15,0.017838117514285285,8.590684190123001
51,0.15,160,8,-0.9,75,1,512,432,33,0.0011567158225658887,0.6710077117788481,resistance,False,0.7197585129601378,0.7197585129601436,,
51,0.15,160,8,-0.9,75,1,2048,1676,36,0.012408753563880878,0.5884258814442094,voltage,True,1.996810200037567e-15,1.2985669318256062e-15,0.0026075661497583233,7.484709270473818
51,0.15,160,8,-0.9,75,1,2048,1676,36,0.012408753563880878,0.5884258814442094,resistance,True,1.8794223640400743e-15,1.5822662761624822e-15,0.00019867568941936103,15.90048659412539
51,0.15,160,8,-0.9,75,1,4096,3310,36,0.01380794055320256,0.5806014741318677,voltage,True,2.4667992960907117e-15,1.608271768739371e-15,0.0015836830908943923,6.632131792468271
51,0.15,160,8,-0.9,75,1,4096,3310,36,0.01380794055320256,0.5806014741318677,resistance,True,1.262474335436266e-15,1.6664998120908277e-15,0.00012507848312220263,14.541596500250034
52,0.15,160,8,0,25,0,128,100,13,0.0028001259546743024,0.7638388980439909,voltage,False,0.774604066771753,0.7746040667717545,,
52,0.15,160,8,0,25,0,128,100,13,0.0028001259546743024,0.7638388980439909,resistance,False,0.7687010323239492,0.7687010323239496,,
52,0.15,160,8,0,25,0,512,407,24,0.013502485094928645,0.6392265713556536,voltage,False,0.7453559924999296,0.7453559924999306,,
52,0.15,160,8,0,25,0,512,407,24,0.013502485094928645,0.6392265713556536,resistance,True,1.2242856370462624e-15,3.590337972334618e-15,0.002378588545128073,33.55140866573304
52,0.15,160,8,0,25,0,2048,1650,24,0.028175655818054066,0.5901261027843935,voltage,False,0.7453559924999295,0.7453559924999298,,
52,0.15,160,8,0,25,0,2048,1650,24,0.028175655818054066,0.5901261027843935,resistance,True,1.2920552802152973e-15,2.5333116306276795e-15,0.0004360062393741122,17.739452373159086
52,0.15,160,8,0,25,0,4096,3314,24,0.027732846875075115,0.5844876121674565,voltage,False,0.7453559924999295,0.7453559924999296,,
52,0.15,160,8,0,25,0,4096,3314,24,0.027732846875075115,0.5844876121674565,resistance,True,1.9796537906355504e-15,2.00040483473642e-15,0.00028255493564785294,17.627618682489537
53,0.15,160,8,0,25,1,128,103,13,0.005399324206013991,0.7766205873607358,voltage,False,0.7746040667717532,0.7746040667717529,,
53,0.15,160,8,0,25,1,128,103,13,0.005399324206013991,0.7766205873607358,resistance,False,0.7687010323239493,0.7687010323239517,,
53,0.15,160,8,0,25,1,512,436,24,0.01373824988486383,0.7046892174933619,voltage,False,0.7453559924999299,0.7453559924999296,,
53,0.15,160,8,0,25,1,512,436,24,0.01373824988486383,0.7046892174933619,resistance,True,1.2332668771553476e-15,2.6042269469971227e-15,0.0015415086708537033,27.08651766166974
53,0.15,160,8,0,25,1,2048,1670,24,0.0344952521237573,0.6159206368554859,voltage,False,0.74535599249993,0.74535599249993,,
53,0.15,160,8,0,25,1,2048,1670,24,0.0344952521237573,0.6159206368554859,resistance,True,1.1698449788391286e-15,1.5496166046511968e-15,0.00025027916609481846,14.36070407844616
53,0.15,160,8,0,25,1,4096,3312,24,0.03847280710347424,0.6070648209209545,voltage,False,0.7453559924999292,0.7453559924999298,,
53,0.15,160,8,0,25,1,4096,3312,24,0.03847280710347424,0.6070648209209545,resistance,True,1.4332147015561642e-15,1.2261875917012605e-15,0.00015089833297634987,13.137849185450742
54,0.15,160,8,0,75,0,128,100,13,0.004618394071585011,0.7569429728823737,voltage,False,0.7746038881724735,0.7746038881724728,,
54,0.15,160,8,0,75,0,128,100,13,0.004618394071585011,0.7569429728823737,resistance,False,0.7687011550312789,0.7687011550312782,,
54,0.15,160,8,0,75,0,512,424,24,0.00915853777998645,0.6398127782411094,voltage,False,0.7453559924999299,0.7453559924999302,,
54,0.15,160,8,0,75,0,512,424,24,0.00915853777998645,0.6398127782411094,resistance,True,1.955377121576048e-15,2.571148371648743e-15,0.0022961803516327,35.98580875747833
54,0.15,160,8,0,75,0,2048,1637,24,0.028001003363073342,0.5901345985671724,voltage,False,0.7453559924999298,0.7453559924999298,,
54,0.15,160,8,0,75,0,2048,1637,24,0.028001003363073342,0.5901345985671724,resistance,True,1.779690902549188e-15,1.5734936829854948e-15,0.0005044142343245167,18.0976640698311
54,0.15,160,8,0,75,0,4096,3280,24,0.028544815234279708,0.5847719292761664,voltage,False,0.7453559924999299,0.74535599249993,,
54,0.15,160,8,0,75,0,4096,3280,24,0.028544815234279708,0.5847719292761664,resistance,True,1.8538007125991402e-15,1.1373865556093704e-15,0.00035914422400812015,17.73307638206766
55,0.15,160,8,0,75,1,128,105,13,0.0050078036493206735,0.7800898104742413,voltage,False,0.7746038881724732,0.7746038881724719,,
55,0.15,160,8,0,75,1,128,105,13,0.0050078036493206735,0.7800898104742413,resistance,False,0.768701155031279,0.768701155031278,,
55,0.15,160,8,0,75,1,512,434,24,0.014829257079702137,0.706111502005634,voltage,False,0.7453559924999298,0.7453559924999302,,
55,0.15,160,8,0,75,1,512,434,24,0.014829257079702137,0.706111502005634,resistance,True,1.3670499236503357e-15,2.7797145597066478e-15,0.0012716041172416551,25.472608291500517
55,0.15,160,8,0,75,1,2048,1653,24,0.03618014478432197,0.6190401275431272,voltage,False,0.7453559924999296,0.7453559924999299,,
55,0.15,160,8,0,75,1,2048,1653,24,0.03618014478432197,0.6190401275431272,resistance,True,1.3260061182339711e-15,1.3676223927445825e-15,0.0002681923659304015,14.275665594466549
55,0.15,160,8,0,75,1,4096,3275,24,0.03582614962582152,0.6091975829258512,voltage,False,0.7453559924999292,0.74535599249993,,
55,0.15,160,8,0,75,1,4096,3275,24,0.03582614962582152,0.6091975829258512,resistance,True,1.8768082289954942e-15,1.3017199442255257e-15,0.00017106090189580146,13.180134682706989
56,0.15,160,8,0.9,25,0,128,101,12,0.010326115109198692,0.7671052795280232,voltage,False,0.7817359599705713,0.7817359599705722,,
56,0.15,160,8,0.9,25,0,128,101,12,0.010326115109198692,0.7671052795280232,resistance,False,0.7687061147858073,0.7687061147858103,,
56,0.15,160,8,0.9,25,0,512,403,30,0.005012733493933483,0.6128037977566422,voltage,False,0.7359800721939873,0.7359800721939873,,
56,0.15,160,8,0.9,25,0,512,403,30,0.005012733493933483,0.6128037977566422,resistance,True,1.5292631389926843e-15,1.3131276792686387e-14,0.01207867869981615,81.51356132828732
56,0.15,160,8,0.9,25,0,2048,1598,36,0.009784384115779943,0.5674950301259155,voltage,True,1.544746801807963e-15,1.7710142781304322e-15,0.007376893974929398,8.753383162884326
56,0.15,160,8,0.9,25,0,2048,1598,36,0.009784384115779943,0.5674950301259155,resistance,True,1.6492015650286938e-15,3.979965310834693e-15,0.0009163636349817898,21.440646819368478
56,0.15,160,8,0.9,25,0,4096,3223,36,0.010652068214972445,0.5668256178378962,voltage,True,1.657941319736912e-15,2.062537782647699e-15,0.004208354350237796,8.081987058723028
56,0.15,160,8,0.9,25,0,4096,3223,36,0.010652068214972445,0.5668256178378962,resistance,True,1.8667676610267133e-15,3.4424183159704795e-15,0.0006116347245370305,21.07976442557838
57,0.15,160,8,0.9,25,1,128,102,12,0.012943260644419568,0.7853837299566373,voltage,False,0.781735959970571,0.7817359599705732,,
57,0.15,160,8,0.9,25,1,128,102,12,0.012943260644419568,0.7853837299566373,resistance,False,0.7687061147858073,0.768706114785806,,
57,0.15,160,8,0.9,25,1,512,417,30,0.004757546276103066,0.6771875503549818,voltage,False,0.7359800721939872,0.7359800721939866,,
57,0.15,160,8,0.9,25,1,512,417,30,0.004757546276103066,0.6771875503549818,resistance,True,2.181261119365298e-15,1.3452701122198396e-14,0.013431957386767196,92.57288969041302
57,0.15,160,8,0.9,25,1,2048,1610,36,0.011692999524901895,0.5963040963414247,voltage,True,1.7947474558867083e-15,1.4647415667748218e-15,0.0032661263535018513,8.365069017188597
57,0.15,160,8,0.9,25,1,2048,1610,36,0.011692999524901895,0.5963040963414247,resistance,True,1.2409536653813067e-15,2.1246057877415658e-15,0.0002676613301865071,16.46092788473183
57,0.15,160,8,0.9,25,1,4096,3213,36,0.012909586641095998,0.5896411481774386,voltage,True,1.498338196431253e-15,1.497059315994325e-15,0.00214955470695577,7.26020504733627
57,0.15,160,8,0.9,25,1,4096,3213,36,0.012909586641095998,0.5896411481774386,resistance,True,1.481299963287755e-15,1.880093710085715e-15,0.0001466735348256962,14.818384265830655
58,0.15,160,8,0.9,75,0,128,101,12,0.012707629847006722,0.7633477645603431,voltage,False,0.7817359599705713,0.7817359599705725,,
58,0.15,160,8,0.9,75,0,128,101,12,0.012707629847006722,0.7633477645603431,resistance,False,0.7687061147858072,0.7687061147858095,,
58,0.15,160,8,0.9,75,0,512,405,30,0.005054641972497237,0.6131059270832969,voltage,False,0.7359800721939872,0.735980072193987,,
58,0.15,160,8,0.9,75,0,512,405,30,0.005054641972497237,0.6131059270832969,resistance,True,2.2682257894122743e-15,4.084345587528967e-15,0.016986481320530312,84.62911665252241
58,0.15,160,8,0.9,75,0,2048,1623,36,0.009722954693597147,0.5696904564535322,voltage,True,1.5101452751071354e-15,1.5234274783396374e-15,0.006307360593569032,8.633755979002855
58,0.15,160,8,0.9,75,0,2048,1623,36,0.009722954693597147,0.5696904564535322,resistance,True,2.325916409027281e-15,3.196050207070961e-15,0.000950542100959894,21.433222112801396
58,0.15,160,8,0.9,75,0,4096,3264,36,0.010520748408473519,0.5659040611132831,voltage,True,2.4004427846651135e-15,1.6612409472232553e-15,0.004343832656261757,8.158541997938283
58,0.15,160,8,0.9,75,0,4096,3264,36,0.010520748408473519,0.5659040611132831,resistance,True,2.069993254476912e-15,3.2945738668644474e-15,0.0006768571194254173,21.010045925887134
59,0.15,160,8,0.9,75,1,128,104,12,0.010820740336045532,0.7845358342646026,voltage,False,0.7817359599705718,0.7817359599705676,,
59,0.15,160,8,0.9,75,1,128,104,12,0.010820740336045532,0.7845358342646026,resistance,False,0.7687061147858076,0.7687061147858059,,
59,0.15,160,8,0.9,75,1,512,420,30,0.004568777164155573,0.6782350504334527,voltage,False,0.7359800721939874,0.735980072193987,,
59,0.15,160,8,0.9,75,1,512,420,30,0.004568777164155573,0.6782350504334527,resistance,True,1.97894067995109e-15,8.407688611274967e-15,0.013684969020761741,96.52065975025265
59,0.15,160,8,0.9,75,1,2048,1633,36,0.012003562283438102,0.5991725146275727,voltage,True,1.5947527068955673e-15,1.4020283508733257e-15,0.0038546363198079985,8.386647192205485
59,0.15,160,8,0.9,75,1,2048,1633,36,0.012003562283438102,0.5991725146275727,resistance,True,1.5301091967440865e-15,1.7201628360551385e-15,0.00025270346489245077,16.261556010662023
59,0.15,160,8,0.9,75,1,4096,3227,36,0.012740410801793105,0.591430290568316,voltage,True,2.0754896614590647e-15,1.6309214428797987e-15,0.002669789705398085,7.390479034137545
59,0.15,160,8,0.9,75,1,4096,3227,36,0.012740410801793105,0.591430290568316,resistance,True,2.3367990386560084e-15,1.6533789081107257e-15,0.00014293185455169154,14.614449544352057
60,0.15,160,20,-0.9,25,0,128,112,18,0.0011470120996537035,1.1011473001036172,voltage,False,0.7527726527090808,0.7527726527090816,,
60,0.15,160,20,-0.9,25,0,128,112,18,0.0011470120996537035,1.1011473001036172,resistance,True,2.484197841171882e-15,9.694755245635144e-15,0.08866185051673887,224.5501483498839
60,0.15,160,20,-0.9,25,0,512,471,34,0.00775378053872569,1.0123420377114543,voltage,True,1.605516855625654e-15,1.5957813501082349e-15,0.016971111771387628,13.243336502384947
60,0.15,160,20,-0.9,25,0,512,471,34,0.00775378053872569,1.0123420377114543,resistance,True,6.608881959546427e-15,4.101775813965707e-14,0.011175145712119403,70.1693786791336
60,0.15,160,20,-0.9,25,0,2048,1860,36,0.025154212787543404,0.9856238100408669,voltage,True,2.2349472700519728e-15,2.108495511675998e-15,0.0043956889042943955,13.623810877074684
60,0.15,160,20,-0.9,25,0,2048,1860,36,0.025154212787543404,0.9856238100408669,resistance,True,2.214025574781793e-15,1.6004379811940924e-15,0.0002711496318994809,15.498358330930001
60,0.15,160,20,-0.9,25,0,4096,3723,36,0.026596647275777513,0.9842470465625873,voltage,True,2.396068399310246e-15,2.116281934585165e-15,0.0030794207556347187,13.36685572928772
60,0.15,160,20,-0.9,25,0,4096,3723,36,0.026596647275777513,0.9842470465625873,resistance,True,1.5577284804809468e-15,2.1445345289317247e-15,0.00017886113566228205,15.30922571632443
61,0.15,160,20,-0.9,25,1,128,111,18,0.004323496925222732,1.1736536887790396,voltage,False,0.752772652709081,0.7527726527090819,,
61,0.15,160,20,-0.9,25,1,128,111,18,0.004323496925222732,1.1736536887790396,resistance,True,1.7247403108202428e-15,3.8668605390579536e-14,0.05954301940820225,206.34321713737913
61,0.15,160,20,-0.9,25,1,512,478,34,0.007969347203607684,1.2764379304615994,voltage,True,1.8073672105706365e-15,2.9625105020036992e-15,0.015494299176127348,16.795365066458274
61,0.15,160,20,-0.9,25,1,512,478,34,0.007969347203607684,1.2764379304615994,resistance,True,1.3388412244132778e-14,1.0665100643296366e-13,0.01115461437053379,88.41949002460845
61,0.15,160,20,-0.9,25,1,2048,1891,36,0.032802754503409345,1.0975665581416043,voltage,True,2.4389405753783515e-15,1.1584403094063513e-15,0.001658098708891847,13.631755205992448
61,0.15,160,20,-0.9,25,1,2048,1891,36,0.032802754503409345,1.0975665581416043,resistance,True,1.3772987772919746e-15,1.2422062748208396e-15,6.056769503584875e-05,11.902254921446923
61,0.15,160,20,-0.9,25,1,4096,3770,36,0.03466601327735084,1.0806352913692843,voltage,True,3.258246690032757e-15,1.3896559552556161e-15,0.0010609195413523763,12.029748075010481
61,0.15,160,20,-0.9,25,1,4096,3770,36,0.03466601327735084,1.0806352913692843,resistance,True,2.1012797412067203e-15,1.2794487169281734e-15,3.601287126156592e-05,10.778904362274298
62,0.15,160,20,-0.9,75,0,128,111,18,0.0011221197908572373,1.096695374304897,voltage,False,0.7527726527090811,0.7527726527090819,,
62,0.15,160,20,-0.9,75,0,128,111,18,0.0011221197908572373,1.096695374304897,resistance,True,2.216135563550603e-15,8.145421110935232e-15,0.061118126521402694,198.0973989947232
62,0.15,160,20,-0.9,75,0,512,469,34,0.00775722777942129,1.008717686202453,voltage,True,1.5752218584981765e-15,1.6795326747914236e-15,0.014763940998723673,13.161221484447346
62,0.15,160,20,-0.9,75,0,512,469,34,0.00775722777942129,1.008717686202453,resistance,True,5.970849165849617e-15,2.1895187057430073e-14,0.011178570594944849,69.85899988601936
62,0.15,160,20,-0.9,75,0,2048,1872,36,0.025416745217198833,0.9855356666969968,voltage,True,3.0263480535311977e-15,2.8291434884786283e-15,0.004849611039725843,14.025695868987096
62,0.15,160,20,-0.9,75,0,2048,1872,36,0.025416745217198833,0.9855356666969968,resistance,True,1.7057942903040661e-15,1.632695194170179e-15,0.00025664381594495004,15.156781767922256
62,0.15,160,20,-0.9,75,0,4096,3757,36,0.02674499688354356,0.9845386279933329,voltage,True,2.8325013267720943e-15,1.769621945861211e-15,0.003252719897588136,13.726811700983978
62,0.15,160,20,-0.9,75,0,4096,3757,36,0.02674499688354356,0.9845386279933329,resistance,True,2.263491408782823e-15,2.0622229644552794e-15,0.00018052019088672384,15.129489237554063
63,0.15,160,20,-0.9,75,1,128,111,18,0.004192821897907334,1.1699593407832911,voltage,False,0.7527726527090808,0.7527726527090814,,
63,0.15,160,20,-0.9,75,1,128,111,18,0.004192821897907334,1.1699593407832911,resistance,True,2.250200975611104e-15,6.441929558975513e-15,0.06128494840346585,211.96480254511846
63,0.15,160,20,-0.9,75,1,512,480,34,0.007938825890463163,1.271982058718077,voltage,True,1.4486534658213077e-15,2.577843645451937e-15,0.013974389719266029,16.74559953739568
63,0.15,160,20,-0.9,75,1,512,480,34,0.007938825890463163,1.271982058718077,resistance,True,2.42084281641021e-15,1.1014212744140186e-13,0.011164414482264183,88.40057682106378
63,0.15,160,20,-0.9,75,1,2048,1890,36,0.0326954156409174,1.0965662588233378,voltage,True,2.813808909700298e-15,1.6414564171912309e-15,0.0018125170548005719,13.514223390096607
63,0.15,160,20,-0.9,75,1,2048,1890,36,0.0326954156409174,1.0965662588233378,resistance,True,1.9194667131984206e-15,1.7620297492320818e-15,6.280195612177017e-05,11.929932984280882
63,0.15,160,20,-0.9,75,1,4096,3763,36,0.03465671986661293,1.0798570342039688,voltage,True,2.420723865317203e-15,1.514516928222366e-15,0.0011373823747096593,11.953207522539708
63,0.15,160,20,-0.9,75,1,4096,3763,36,0.03465671986661293,1.0798570342039688,resistance,True,2.2849024684626794e-15,1.3987564907060436e-15,3.69232744581952e-05,10.772564691144314
64,0.15,160,20,0,25,0,128,122,12,0.004599938248147237,1.1077124135051195,voltage,False,0.7817359599705717,0.7817359599705713,,
64,0.15,160,20,0,25,0,128,122,12,0.004599938248147237,1.1077124135051195,resistance,False,0.7687061147858072,0.7687061147858065,,
64,0.15,160,20,0,25,0,512,483,24,0.03247350608356203,1.0407058434774923,voltage,False,0.7453559924999298,0.7453559924999299,,
64,0.15,160,20,0,25,0,512,483,24,0.03247350608356203,1.0407058434774923,resistance,True,1.3563849877549593e-15,1.2457359780394431e-15,0.0007978242829851864,21.20130430823754
64,0.15,160,20,0,25,0,2048,1905,25,0.013911224502672315,1.014873976789971,voltage,False,0.7416349366204701,0.7416349366204704,,
64,0.15,160,20,0,25,0,2048,1905,25,0.013911224502672315,1.014873976789971,resistance,True,1.80343927425408e-15,1.3319088720233501e-15,0.00011580405996026319,12.350373501419995
64,0.15,160,20,0,25,0,4096,3805,25,0.009867840727465143,1.014111154753357,voltage,False,0.741634936620471,0.7416349366204704,,
64,0.15,160,20,0,25,0,4096,3805,25,0.009867840727465143,1.014111154753357,resistance,True,1.4973035099218586e-15,1.4929993916644375e-15,7.722116798696766e-05,12.330830348152864
65,0.15,160,20,0,25,1,128,121,12,0.0006920914640656153,1.17895014670063,voltage,False,0.7817359599705714,0.7817359599705805,,
65,0.15,160,20,0,25,1,128,121,12,0.0006920914640656153,1.17895014670063,resistance,False,0.7687061147858073,0.7687061147858072,,
65,0.15,160,20,0,25,1,512,486,24,0.033330346394311726,1.3102921321377723,voltage,False,0.7453559924999299,0.7453559924999299,,
65,0.15,160,20,0,25,1,512,486,24,0.033330346394311726,1.3102921321377723,resistance,True,1.076317930811427e-15,2.9600056288509465e-15,0.0007690883435041177,17.041682944937012
65,0.15,160,20,0,25,1,2048,1910,24,0.07000883213742495,1.1300242283561166,voltage,False,0.7453559924999295,0.7453559924999299,,
65,0.15,160,20,0,25,1,2048,1910,24,0.07000883213742495,1.1300242283561166,resistance,True,1.1399285149715713e-15,1.481378302872846e-15,4.367160606493377e-05,10.24958825954308
65,0.15,160,20,0,25,1,4096,3785,24,0.0736124072392671,1.1116777615456692,voltage,False,0.7453559924999307,0.74535599249993,,
65,0.15,160,20,0,25,1,4096,3785,24,0.0736124072392671,1.1116777615456692,resistance,True,1.2687524558765924e-15,1.5444244098097293e-15,2.843465240769268e-05,9.516706052200226
66,0.15,160,20,0,75,0,128,121,12,0.0002836937002113985,1.1103133927690871,voltage,False,0.7817359599705714,0.7817359599705451,,
66,0.15,160,20,0,75,0,128,121,12,0.0002836937002113985,1.1103133927690871,resistance,False,0.7687061147858079,0.768706114785813,,
66,0.15,160,20,0,75,0,512,476,24,0.031046879572645646,1.0387961197920115,voltage,False,0.7453559924999298,0.7453559924999298,,
66,0.15,160,20,0,75,0,512,476,24,0.031046879572645646,1.0387961197920115,resistance,True,1.3507531386966203e-15,2.8788046145484226e-15,0.000960650689030041,21.34750940494847
66,0.15,160,20,0,75,0,2048,1893,24,0.0472259447848264,1.013270969560461,voltage,False,0.7453559924999298,0.7453559924999296,,
66,0.15,160,20,0,75,0,2048,1893,24,0.0472259447848264,1.013270969560461,resistance,True,1.196775040984473e-15,2.0370104289060845e-15,0.00011571409370921648,12.385779484992343
66,0.15,160,20,0,75,0,4096,3791,24,0.04469992858199184,1.012960998285235,voltage,False,0.7453559924999299,0.7453559924999296,,
66,0.15,160,20,0,75,0,4096,3791,24,0.04469992858199184,1.012960998285235,resistance,True,1.1905534117636387e-15,1.6430285463772483e-15,7.969158649736382e-05,12.391068812828586
67,0.15,160,20,0,75,1,128,120,12,0.0013143108992592857,1.1852814184500935,voltage,False,0.7817359599705713,0.7817359599705588,,
67,0.15,160,20,0,75,1,128,120,12,0.0013143108992592857,1.1852814184500935,resistance,False,0.7687061147858075,0.7687061147858022,,
67,0.15,160,20,0,75,1,512,481,24,0.03281580526236298,1.3091569897730804,voltage,False,0.7453559924999299,0.7453559924999298,,
67,0.15,160,20,0,75,1,512,481,24,0.03281580526236298,1.3091569897730804,resistance,True,1.6625161656666308e-15,2.156075663108698e-15,0.000851121449892097,17.306154493484616
67,0.15,160,20,0,75,1,2048,1881,26,0.00021581145706548789,1.1286716170210567,voltage,False,0.7416198487095664,0.7416198487095668,,
67,0.15,160,20,0,75,1,2048,1881,26,0.00021581145706548789,1.1286716170210567,resistance,True,1.5726584313294835e-15,1.4921865098860383e-15,4.59262871017921e-05,10.368222016247003
67,0.15,160,20,0,75,1,4096,3776,32,8.957867659727362e-06,1.1096792324404061,voltage,False,0.7337993857053409,0.7337993857053567,,
67,0.15,160,20,0,75,1,4096,3776,32,8.957867659727362e-06,1.1096792324404061,resistance,True,1.757816656537708e-15,1.4974362958888124e-15,2.8923043739655236e-05,9.584827784182895
68,0.15,160,20,0.9,25,0,128,127,12,0.02157397312236151,1.1535789415597215,voltage,False,0.7817359599705718,0.781735959970572,,
68,0.15,160,20,0.9,25,0,128,127,12,0.02157397312236151,1.1535789415597215,resistance,False,0.7687061147858073,0.7687061147858063,,
68,0.15,160,20,0.9,25,0,512,471,30,0.004843692234392393,1.0240623200833119,voltage,False,0.7359800721939872,0.7359800721939876,,
68,0.15,160,20,0.9,25,0,512,471,30,0.004843692234392393,1.0240623200833119,resistance,True,2.3193842284875654e-15,4.4429433008233205e-15,0.008211019026740048,112.7434526207296
68,0.15,160,20,0.9,25,0,2048,1862,36,0.023647243551567575,0.9956685266717935,voltage,True,1.8504457892955696e-15,1.8881051586307417e-15,0.004939487751592595,13.344577766881194
68,0.15,160,20,0.9,25,0,2048,1862,36,0.023647243551567575,0.9956685266717935,resistance,True,1.6123267565456794e-15,2.5478217854646404e-15,0.0002933740076899429,15.143799183149119
68,0.15,160,20,0.9,25,0,4096,3721,36,0.024726486696741285,0.9934746960856498,voltage,True,1.780696231068418e-15,1.586204293624025e-15,0.003285199879024195,12.929753449772038
68,0.15,160,20,0.9,25,0,4096,3721,36,0.024726486696741285,0.9934746960856498,resistance,True,1.820283101946494e-15,1.802404347723463e-15,0.00019667939678693434,14.747882345887325
69,0.15,160,20,0.9,25,1,128,125,12,0.03037506148392383,1.241587816397652,voltage,False,0.7817359599705714,0.7817359599705718,,
69,0.15,160,20,0.9,25,1,128,125,12,0.03037506148392383,1.241587816397652,resistance,False,0.7687061147858073,0.7687061147858065,,
69,0.15,160,20,0.9,25,1,512,480,30,0.008136963439501283,1.2829504333802701,voltage,False,0.7359800721939873,0.7359800721939872,,
69,0.15,160,20,0.9,25,1,512,480,30,0.008136963439501283,1.2829504333802701,resistance,True,1.668795099901706e-15,3.5382522711920456e-15,0.003401327583352568,68.84767733535084
69,0.15,160,20,0.9,25,1,2048,1871,36,0.028591575159435563,1.107015624901683,voltage,True,1.4579659925075033e-15,1.695542616358037e-15,0.0021950257744804773,13.925211216230096
69,0.15,160,20,0.9,25,1,2048,1871,36,0.028591575159435563,1.107015624901683,resistance,True,1.5955321942158738e-15,1.37376965442997e-15,6.890587292689832e-05,11.9298244583957
69,0.15,160,20,0.9,25,1,4096,3736,36,0.03136659147849788,1.0884031277923556,voltage,True,2.5069144564786353e-15,1.62716430539296e-15,0.0013967387679940401,12.49327870942563
69,0.15,160,20,0.9,25,1,4096,3736,36,0.03136659147849788,1.0884031277923556,resistance,True,1.5022705608463915e-15,1.1582860702013799e-15,3.7980887690861626e-05,10.754687349781173
70,0.15,160,20,0.9,75,0,128,127,12,0.021629887919662073,1.1560954056742108,voltage,False,0.7817359599705718,0.7817359599705707,,
70,0.15,160,20,0.9,75,0,128,127,12,0.021629887919662073,1.1560954056742108,resistance,False,0.7687061147858073,0.7687061147858062,,
70,0.15,160,20,0.9,75,0,512,476,30,0.006929347870265312,1.0251449970438118,voltage,False,0.7359800721939872,0.7359800721939873,,
70,0.15,160,20,0.9,75,0,512,476,30,0.006929347870265312,1.0251449970438118,resistance,True,2.907328939135841e-15,2.627364917086601e-15,0.005802123201457561,79.65440625325547
70,0.15,160,20,0.9,75,0,2048,1865,36,0.022823352684195414,0.9957533362379758,voltage,True,1.6993684548015099e-15,1.26192195454554e-15,0.006375812183493058,14.641437209364208
70,0.15,160,20,0.9,75,0,2048,1865,36,0.022823352684195414,0.9957533362379758,resistance,True,1.4253986604616788e-15,1.816621497362817e-15,0.00034887408045558566,15.018852955275946
70,0.15,160,20,0.9,75,0,4096,3733,36,0.02528418028217813,0.9941476252481439,voltage,True,1.9747047854815415e-15,1.9316065159465338e-15,0.004108660604035426,13.972722704650117
70,0.15,160,20,0.9,75,0,4096,3733,36,0.02528418028217813,0.9941476252481439,resistance,True,1.6716661032097594e-15,1.824983121333335e-15,0.0002221403239662843,14.86010284559824
71,0.15,160,20,0.9,75,1,128,125,12,0.02559371899850413,1.2405593620985256,voltage,False,0.7817359599705717,0.7817359599705718,,
71,0.15,160,20,0.9,75,1,128,125,12,0.02559371899850413,1.2405593620985256,resistance,False,0.7687061147858072,0.7687061147858062,,
71,0.15,160,20,0.9,75,1,512,477,30,0.006532918299888082,1.2820570980938115,voltage,False,0.735980072193987,0.7359800721939874,,
71,0.15,160,20,0.9,75,1,512,477,30,0.006532918299888082,1.2820570980938115,resistance,True,1.9285455983875685e-15,7.025367548176957e-15,0.0042864624579505165,85.39335471794715
71,0.15,160,20,0.9,75,1,2048,1882,36,0.029947570166041597,1.105376294789401,voltage,True,1.2474529652580345e-15,1.6934360858767904e-15,0.002436828824208425,14.266050567815325
71,0.15,160,20,0.9,75,1,2048,1882,36,0.029947570166041597,1.105376294789401,resistance,True,1.3461714121616312e-15,1.543312893447514e-15,6.931901207055452e-05,11.79428624311
71,0.15,160,20,0.9,75,1,4096,3739,36,0.031332203651899634,1.088145217826462,voltage,True,1.7048610966465585e-15,1.7352144620536087e-15,0.0014387107308592084,12.54860821207963
71,0.15,160,20,0.9,75,1,4096,3739,36,0.031332203651899634,1.088145217826462,resistance,True,2.0159576318136856e-15,1.2989528645904566e-15,3.6363041414884553e-05,10.595817322761102
72,0.4,20,2,-0.9,25,0,128,20,18,0.0001641148684527681,0.7823863231000439,voltage,False,0.7903790604971036,0.7903790604971038,,
72,0.4,20,2,-0.9,25,0,128,20,18,0.0001641148684527681,0.7823863231000439,resistance,False,0.7466046018908734,0.7466046018908727,,
72,0.4,20,2,-0.9,25,0,512,90,34,0.00011079501769661827,0.71357108884578,voltage,False,0.40828946458266574,0.4082894645826658,,
72,0.4,20,2,-0.9,25,0,512,90,34,0.00011079501769661827,0.71357108884578,resistance,True,6.089677744902009e-14,4.725334120703893e-14,0.596908195142108,758.7297800161981
72,0.4,20,2,-0.9,25,0,2048,366,35,0.0014219193110503242,0.6243955498404414,voltage,False,0.4082414864957872,0.4082414864957874,,
72,0.4,20,2,-0.9,25,0,2048,366,35,0.0014219193110503242,0.6243955498404414,resistance,True,8.746215717114e-15,4.466247047063793e-15,0.15159605488155403,317.54992702070746
72,0.4,20,2,-0.9,25,0,4096,725,35,0.0013832654899484146,0.6089900589508073,voltage,False,0.40824148649578795,0.4082414864957874,,
72,0.4,20,2,-0.9,25,0,4096,725,35,0.0013832654899484146,0.6089900589508073,resistance,True,2.353224038024751e-14,9.032738381135795e-15,0.11752156319258505,334.585711199341
73,0.4,20,2,-0.9,25,1,128,25,18,0.0006311050441080696,0.783297776033596,voltage,False,0.7852503213660268,0.7852503213660267,,
73,0.4,20,2,-0.9,25,1,128,25,18,0.0006311050441080696,0.783297776033596,resistance,False,0.3235546309212404,0.3235546309212323,,
73,0.4,20,2,-0.9,25,1,512,166,33,0.0013790405643124715,0.6595022712283763,voltage,True,1.156952879515202e-15,1.4356918925960836e-15,0.21206252780569082,18.081185033231694
73,0.4,20,2,-0.9,25,1,512,166,33,0.0013790405643124715,0.6595022712283763,resistance,True,2.0376335357010865e-14,4.147641339911844e-14,0.20519993410696524,346.3807099402656
73,0.4,20,2,-0.9,25,1,2048,534,36,0.0027966540703450327,0.6125477868235502,voltage,True,2.1299684582098873e-15,1.6512527980466546e-15,0.09691935056543215,14.465400042608746
73,0.4,20,2,-0.9,25,1,2048,534,36,0.0027966540703450327,0.6125477868235502,resistance,True,1.7169317011099267e-14,1.777950341700496e-14,0.051229846293265595,164.4151444720037
73,0.4,20,2,-0.9,25,1,4096,1010,36,0.0031358110824730163,0.570654858650972,voltage,True,2.745169519741164e-15,2.13775338670794e-15,0.0545135670414414,12.160911158328819
73,0.4,20,2,-0.9,25,1,4096,1010,36,0.0031358110824730163,0.570654858650972,resistance,True,2.1983329521156737e-14,6.496964134406352e-15,0.035425272544141274,148.632950043797
74,0.4,20,2,-0.9,75,0,128,21,18,8.801509831097417e-05,0.8531903938557693,voltage,False,0.7836867347881498,0.7836867347881514,,
74,0.4,20,2,-0.9,75,0,128,21,18,8.801509831097417e-05,0.8531903938557693,resistance,False,0.7624243400346465,0.7624243400346447,,
74,0.4,20,2,-0.9,75,0,512,96,36,1.7192633154817195e-05,0.6770843831808679,voltage,True,1.2005369072584204e-14,7.804213431681311e-15,3.9164276521782035,242.64834133469085
74,0.4,20,2,-0.9,75,0,512,96,36,1.7192633154817195e-05,0.6770843831808679,resistance,True,1.3207168810006352e-13,4.2395959956937354e-14,0.7108983839577195,906.0504525684032
74,0.4,20,2,-0.9,75,0,2048,424,36,0.001704068063527777,0.6229426668871608,voltage,True,1.9925111647547083e-15,1.7360460231399179e-15,0.1764756806077551,22.645605383555544
74,0.4,20,2,-0.9,75,0,2048,424,36,0.001704068063527777,0.6229426668871608,resistance,True,9.240531540063397e-15,2.2980905341705945e-14,0.13860139250011522,326.41592083012335
74,0.4,20,2,-0.9,75,0,4096,843,36,0.0015538524152615626,0.6239436295236185,voltage,True,2.3913085872731288e-15,3.104147619626441e-15,0.1267444040068068,22.845860673885817
74,0.4,20,2,-0.9,75,0,4096,843,36,0.0015538524152615626,0.6239436295236185,resistance,True,2.540310068167416e-14,1.0234996665367311e-14,0.10123718183897013,338.72522828756985
75,0.4,20,2,-0.9,75,1,128,26,18,0.0006896262172014229,0.8502748740600597,voltage,False,0.7902567510011039,0.7902567510011039,,
75,0.4,20,2,-0.9,75,1,128,26,18,0.0006896262172014229,0.8502748740600597,resistance,False,0.7630457169286575,0.7630457169286576,,
75,0.4,20,2,-0.9,75,1,512,164,35,0.001130104073186372,0.6534535268265868,voltage,True,1.3558203093278982e-15,1.5831359686887048e-15,0.15580869480316092,13.745187233190485
75,0.4,20,2,-0.9,75,1,512,164,35,0.001130104073186372,0.6534535268265868,resistance,True,5.0884525989181485e-14,6.363876694533599e-14,0.2708010739050749,430.19314498319324
75,0.4,20,2,-0.9,75,1,2048,510,36,0.0030002307807266725,0.5727239334072746,voltage,True,1.540194685768656e-15,2.198635363174629e-15,0.09203756442196355,13.054666182942315
75,0.4,20,2,-0.9,75,1,2048,510,36,0.0030002307807266725,0.5727239334072746,resistance,True,8.556631976112202e-15,1.1500097877652873e-14,0.05073221598076984,155.32188212798602
75,0.4,20,2,-0.9,75,1,4096,1007,36,0.0034018113543845953,0.5714814065818409,voltage,True,1.8360559968816688e-15,1.2970516440453165e-15,0.05310428302824999,12.180475855088378
75,0.4,20,2,-0.9,75,1,4096,1007,36,0.0034018113543845953,0.5714814065818409,resistance,True,7.576432171618908e-15,2.6520648560542845e-15,0.02995946108127201,138.96892844313373
76,0.4,20,2,0,25,0,128,32,18,0.00017095717914656012,0.8539467706014245,voltage,False,0.5781179336156587,0.5781179336156582,,
76,0.4,20,2,0,25,0,128,32,18,0.00017095717914656012,0.8539467706014245,resistance,False,0.7553979470787793,0.7553979470787794,,
76,0.4,20,2,0,25,0,512,151,34,0.00043857582103503203,0.7496542959522646,voltage,True,2.4573869746952473e-15,1.9791478928437057e-15,0.37341023780246513,38.007608476096166
76,0.4,20,2,0,25,0,512,151,34,0.00043857582103503203,0.7496542959522646,resistance,True,6.3315152766323986e-15,5.0345953294191186e-15,0.32391030372153723,583.2008717110202
76,0.4,20,2,0,25,0,2048,635,36,0.0015747338439067121,0.6537903219365612,voltage,True,3.439644535211154e-15,2.7457111179036242e-15,0.110829213827502,22.28378167138475
76,0.4,20,2,0,25,0,2048,635,36,0.0015747338439067121,0.6537903219365612,resistance,True,4.215697049916313e-15,3.6849182540329404e-15,0.08554166607726847,289.588661944044
76,0.4,20,2,0,25,0,4096,1288,36,0.0015589938897201676,0.617835936380583,voltage,True,3.85649901255553e-15,4.0027704384296e-15,0.07943031548481296,20.911086516452986
76,0.4,20,2,0,25,0,4096,1288,36,0.0015589938897201676,0.617835936380583,resistance,True,1.9040054869300802e-14,5.646366374078805e-15,0.06275016789238815,285.57203423084974
77,0.4,20,2,0,25,1,128,36,22,8.662637929125074e-05,0.8191260506627047,voltage,True,7.183547348952188e-14,7.277048366985629e-14,39.179629894588764,1564.9375351643516
77,0.4,20,2,0,25,1,128,36,22,8.662637929125074e-05,0.8191260506627047,resistance,False,0.7433919416750279,0.7433919416750283,,
77,0.4,20,2,0,25,1,512,223,35,0.0008971956455751364,0.6495735303912668,voltage,True,2.185132731409734e-15,2.172041293177394e-15,0.08809724343078987,12.607488178676471
77,0.4,20,2,0,25,1,512,223,35,0.0008971956455751364,0.6495735303912668,resistance,True,6.412424886135534e-15,3.284423353045168e-15,0.0481354225200984,157.36760553963376
77,0.4,20,2,0,25,1,2048,741,36,0.0029982643688731504,0.6054646085908157,voltage,True,2.2730144609271764e-15,3.0238865843001602e-15,0.06038352835875765,14.973563002723404
77,0.4,20,2,0,25,1,2048,741,36,0.0029982643688731504,0.6054646085908157,resistance,True,7.454753901393546e-15,5.6758692513522786e-15,0.02970199968751149,167.85452967422177
77,0.4,20,2,0,25,1,4096,1403,36,0.003186779097117104,0.5842114165048793,voltage,True,2.6851091974306324e-15,3.1204419942367336e-15,0.04228381917849006,14.487485189489327
77,0.4,20,2,0,25,1,4096,1403,36,0.003186779097117104,0.5842114165048793,resistance,True,1.1076499992672395e-14,3.5141386934234325e-15,0.019037943327668467,161.04803087688995
78,0.4,20,2,0,75,0,128,38,18,0.00014963676814451875,0.8798069820464471,voltage,False,0.5780692533831664,0.5780692533831664,,
78,0.4,20,2,0,75,0,128,38,18,0.00014963676814451875,0.8798069820464471,resistance,False,0.755406262584337,0.7554062625843367,,
78,0.4,20,2,0,75,0,512,164,36,0.0006527188850127114,0.7227739878214843,voltage,True,1.4786581867229201e-15,1.4047044359233936e-15,0.27015733461319585,29.0067554151225
78,0.4,20,2,0,75,0,512,164,36,0.0006527188850127114,0.7227739878214843,resistance,True,1.3797295861710383e-14,1.79407962273257e-14,0.22664098921402373,439.8539367141409
78,0.4,20,2,0,75,0,2048,668,36,0.0015787884898723617,0.6287254379240522,voltage,True,3.372957667012102e-15,2.2162298634384176e-15,0.11476714146732085,22.553066872811097
78,0.4,20,2,0,75,0,2048,668,36,0.0015787884898723617,0.6287254379240522,resistance,True,2.643752797543021e-14,1.3850235319638171e-14,0.08785210877332898,304.31218676360794
78,0.4,20,2,0,75,0,4096,1335,36,0.0015613608158198883,0.6158461014646328,voltage,True,2.178943305278819e-15,2.5864654517854187e-15,0.09058415208277046,24.30059101167147
78,0.4,20,2,0,75,0,4096,1335,36,0.0015613608158198883,0.6158461014646328,resistance,True,2.8380315296708328e-14,1.3690637437683062e-14,0.0702322441774019,336.51867176784634
79,0.4,20,2,0,75,1,128,33,19,0.0005554080668130231,0.8430169628392958,voltage,False,0.5394073915808196,0.5394073915808201,,
79,0.4,20,2,0,75,1,128,33,19,0.0005554080668130231,0.8430169628392958,resistance,False,0.7453538190622608,0.7453538190622608,,
79,0.4,20,2,0,75,1,512,221,36,0.0009449528955761398,0.6516552565925705,voltage,True,1.5469608770596837e-15,1.4121432334222467e-15,0.10170380440801062,12.712821718229831
79,0.4,20,2,0,75,1,512,221,36,0.0009449528955761398,0.6516552565925705,resistance,True,4.491172788119104e-15,1.6643819051752043e-15,0.06355092390974788,167.20454459592267
79,0.4,20,2,0,75,1,2048,751,36,0.003160523479084914,0.5988593991878233,voltage,True,1.6412447323467566e-15,3.421324377716783e-15,0.06488531032305989,13.425793652643883
79,0.4,20,2,0,75,1,2048,751,36,0.003160523479084914,0.5988593991878233,resistance,True,4.622390354394677e-15,4.6048434635028125e-15,0.03731300121413623,165.59998175128098
79,0.4,20,2,0,75,1,4096,1463,36,0.0033611538175071527,0.579753292158138,voltage,True,2.323074375155811e-15,2.527733399122784e-15,0.040472140730769095,12.794011199330859
79,0.4,20,2,0,75,1,4096,1463,36,0.0033611538175071527,0.579753292158138,resistance,True,4.368095313544603e-15,3.820655930348291e-15,0.021764367559935056,155.41598828475128
80,0.4,20,2,0.9,25,0,128,19,17,0.0005684546138254899,0.8966845448665604,voltage,False,0.5789325771800377,0.5789325771800384,,
80,0.4,20,2,0.9,25,0,128,19,17,0.0005684546138254899,0.8966845448665604,resistance,False,0.7629910458913038,0.7629910458913046,,
80,0.4,20,2,0.9,25,0,512,87,35,3.7279379257370504e-05,0.7642001490949811,voltage,False,0.4082414864957881,0.4082414864957865,,
80,0.4,20,2,0.9,25,0,512,87,35,3.7279379257370504e-05,0.7642001490949811,resistance,True,7.707000392127722e-15,7.012603920661024e-15,0.7665183327581159,1031.7944450415769
80,0.4,20,2,0.9,25,0,2048,362,36,0.001112726565571983,0.6386302677562142,voltage,True,1.6468231019039415e-14,1.5777945736330687e-14,1.9138559118234657,214.818013963056
80,0.4,20,2,0.9,25,0,2048,362,36,0.001112726565571983,0.6386302677562142,resistance,True,3.775082989131739e-15,3.857522768786501e-15,0.12580230853241894,272.3980697881429
80,0.4,20,2,0.9,25,0,4096,718,36,0.001520490815063947,0.613933961011623,voltage,True,2.6076788438356575e-15,1.7229539024532888e-15,0.15912973168931951,25.045627766301926
80,0.4,20,2,0.9,25,0,4096,718,36,0.001520490815063947,0.613933961011623,resistance,True,2.9528174317782347e-15,3.568172949951658e-15,0.09910681852916105,293.51253548213066
81,0.4,20,2,0.9,25,1,128,32,18,2.9686018716593457e-05,0.8965592307433107,voltage,True,3.2326515944256225e-14,4.7261532423789187e-14,23.60336154176507,1215.132901665954
81,0.4,20,2,0.9,25,1,128,32,18,2.9686018716593457e-05,0.8965592307433107,resistance,False,0.7527533927495924,0.7527533927495792,,
81,0.4,20,2,0.9,25,1,512,171,35,0.000503351221436663,0.6094595870791027,voltage,True,1.385448456288722e-15,1.4905343189341825e-15,0.18689682439329616,15.602111051907436
81,0.4,20,2,0.9,25,1,512,171,35,0.000503351221436663,0.6094595870791027,resistance,True,2.4234752008656385e-15,1.905442165404461e-15,0.06679439721276485,121.56418222854157
81,0.4,20,2,0.9,25,1,2048,507,36,0.002921039619745259,0.5822025829961547,voltage,True,2.138135457034211e-15,1.3430073627138152e-15,0.09916366365020696,14.835566999153036
81,0.4,20,2,0.9,25,1,2048,507,36,0.002921039619745259,0.5822025829961547,resistance,True,3.2033731681922602e-15,4.332253137254015e-15,0.04837339265908107,153.81404514133402
81,0.4,20,2,0.9,25,1,4096,1039,36,0.003260399219553906,0.5885650093832524,voltage,True,3.4622420893940527e-15,2.6411430216687347e-15,0.05670522532241837,14.136170901878206
81,0.4,20,2,0.9,25,1,4096,1039,36,0.003260399219553906,0.5885650093832524,resistance,True,7.408223983854855e-15,2.2973996161840667e-15,0.031463068819313926,156.6097676667985
82,0.4,20,2,0.9,75,0,128,25,19,6.874692187486672e-06,0.8318875540477332,voltage,False,0.5773310251428251,0.5773310251428442,,
82,0.4,20,2,0.9,75,0,128,25,19,6.874692187486672e-06,0.8318875540477332,resistance,False,0.7453559924999182,0.7453559924999349,,
82,0.4,20,2,0.9,75,0,512,95,35,8.622522546939506e-05,0.6470305395445164,voltage,False,0.40824148649578496,0.4082414864957851,,
82,0.4,20,2,0.9,75,0,512,95,35,8.622522546939506e-05,0.6470305395445164,resistance,True,5.288139729951779e-15,5.133467846041222e-15,0.2523526076720605,273.15459034760545
82,0.4,20,2,0.9,75,0,2048,385,36,0.0012746616933101856,0.5992780026281717,voltage,True,1.1315656432270258e-14,9.403987877849776e-15,1.5998600805605745,176.1313358815772
82,0.4,20,2,0.9,75,0,2048,385,36,0.0012746616933101856,0.5992780026281717,resistance,True,2.6902796812893096e-15,4.219073459643058e-15,0.0932647921100672,205.59169925226257
82,0.4,20,2,0.9,75,0,4096,763,36,0.0012621209393004402,0.5731305186254003,voltage,True,1.363956606259723e-14,1.3324073895957494e-14,1.146220724831054,169.96207848759215
82,0.4,20,2,0.9,75,0,4096,763,36,0.0012621209393004402,0.5731305186254003,resistance,True,3.198759427629496e-15,3.825185222443071e-15,0.0661621512201832,196.7561639523741
83,0.4,20,2,0.9,75,1,128,28,16,3.830854601882759e-05,0.9240428316754592,voltage,False,0.7637626158259724,0.7637626158259724,,
83,0.4,20,2,0.9,75,1,128,28,16,3.830854601882759e-05,0.9240428316754592,resistance,False,1.0,1.0,,
83,0.4,20,2,0.9,75,1,512,172,34,0.000440745005194196,0.6285062285408144,voltage,True,2.9673847240203145e-15,1.4173160867103165e-15,0.4847623200836188,37.97318383778178
83,0.4,20,2,0.9,75,1,512,172,34,0.000440745005194196,0.6285062285408144,resistance,True,5.3612462457010425e-15,2.9396240960051026e-15,0.12383064911597862,222.31337144371454
83,0.4,20,2,0.9,75,1,2048,549,36,0.00281534820352292,0.6080313054883231,voltage,True,1.6001668354955262e-15,1.857440952959133e-15,0.10980088941806572,17.104558568267205
83,0.4,20,2,0.9,75,1,2048,549,36,0.00281534820352292,0.6080313054883231,resistance,True,2.3374955741169434e-15,4.968397162920174e-15,0.03786427352793448,147.50852431308388
83,0.4,20,2,0.9,75,1,4096,1086,36,0.0032164271529568616,0.5886958930102443,voltage,True,1.6819073131990016e-15,1.5150419296836272e-15,0.06306422316037996,14.979246682187238
83,0.4,20,2,0.9,75,1,4096,1086,36,0.0032164271529568616,0.5886958930102443,resistance,True,3.202418549469834e-15,3.2802296675135078e-15,0.024552213012302416,137.03382505313348
84,0.4,20,8,-0.9,25,0,128,100,21,0.0014125438896564434,0.7484692632355205,voltage,False,0.7453603835849116,0.7453603835849114,,
84,0.4,20,8,-0.9,25,0,128,100,21,0.0014125438896564434,0.7484692632355205,resistance,True,2.519029991632182e-15,1.5548614579530714e-14,0.30288373614048053,394.6701401243124
84,0.4,20,8,-0.9,25,0,512,415,36,0.006370614078655466,0.6393431093193376,voltage,True,1.6699091305153651e-15,1.6557166288236382e-15,0.041937958090791184,12.05963063730082
84,0.4,20,8,-0.9,25,0,512,415,36,0.006370614078655466,0.6393431093193376,resistance,True,3.818751554296532e-15,6.086147380468543e-15,0.0049165859393953395,34.522743737978615
84,0.4,20,8,-0.9,25,0,2048,1650,36,0.012444538677310527,0.6051496815206451,voltage,True,1.8209849919528277e-15,1.7626944008332279e-15,0.012179388685851484,11.94816001006959
84,0.4,20,8,-0.9,25,0,2048,1650,36,0.012444538677310527,0.6051496815206451,resistance,True,1.7775023899064748e-15,1.9735452174078866e-15,0.0009141020666289886,26.47196608582354
84,0.4,20,8,-0.9,25,0,4096,3355,36,0.015663462080960963,0.6027909554822588,voltage,True,1.9559455204787295e-15,1.7726744876269574e-15,0.002403540209069403,9.196496512304279
84,0.4,20,8,-0.9,25,0,4096,3355,36,0.015663462080960963,0.6027909554822588,resistance,True,2.2296916043149392e-15,2.312351775279435e-15,0.0005391932165228396,25.881559933757785
85,0.4,20,8,-0.9,25,1,128,111,22,2.2998661537878265e-05,0.8019073386418821,voltage,False,0.7453559924999277,0.7453559924999265,,
85,0.4,20,8,-0.9,25,1,128,111,22,2.2998661537878265e-05,0.8019073386418821,resistance,True,7.104954469172892e-15,5.1162678065264915e-14,0.5340762584812986,690.6938360943675
85,0.4,20,8,-0.9,25,1,512,460,36,0.004941627391443583,0.697161462799215,voltage,True,1.1377193315418728e-15,2.1238747951195147e-15,0.020159501749855785,9.518083631774179
85,0.4,20,8,-0.9,25,1,512,460,36,0.004941627391443583,0.697161462799215,resistance,True,2.7054278098350447e-15,3.0679707181218846e-15,0.0032595454576816877,64.55583263505304
85,0.4,20,8,-0.9,25,1,2048,1704,36,0.01875409101292013,0.6303986886920928,voltage,True,1.8474779181422895e-15,1.8639872260976706e-15,0.0044569955324277434,8.426829448094953
85,0.4,20,8,-0.9,25,1,2048,1704,36,0.01875409101292013,0.6303986886920928,resistance,True,2.108597173865108e-15,2.566970925367459e-15,0.0005200253482518021,24.740632147406238
85,0.4,20,8,-0.9,25,1,4096,3378,36,0.022703498185007217,0.6230407475568261,voltage,True,1.6585714931175256e-15,1.7065170140461517e-15,0.001793948485214858,7.356547803269129
85,0.4,20,8,-0.9,25,1,4096,3378,36,0.022703498185007217,0.6230407475568261,resistance,True,1.1133430090139478e-15,1.6837171958694906e-15,0.0003162691958809063,22.346947892202905
86,0.4,20,8,-0.9,75,0,128,97,21,0.0012784586872584044,0.7917585961690565,voltage,False,0.7453618386960589,0.7453618386960587,,
86,0.4,20,8,-0.9,75,0,128,97,21,0.0012784586872584044,0.7917585961690565,resistance,True,2.4017211818429645e-15,1.0283326786805798e-14,0.35064134204168507,460.5820882581442
86,0.4,20,8,-0.9,75,0,512,406,35,0.0034971456206696304,0.6520281440302227,voltage,True,1.5484312446054043e-15,1.9450315725590242e-15,0.035005989353278325,11.763588553421537
86,0.4,20,8,-0.9,75,0,512,406,35,0.0034971456206696304,0.6520281440302227,resistance,True,4.613737447517231e-15,4.47325477362813e-15,0.00602055377898896,39.56489119528531
86,0.4,20,8,-0.9,75,0,2048,1671,36,0.010508047424262878,0.6042297348771187,voltage,True,1.0196043911077477e-15,1.264646315477252e-15,0.011393650447662693,13.546215180919354
86,0.4,20,8,-0.9,75,0,2048,1671,36,0.010508047424262878,0.6042297348771187,resistance,True,2.008827211301617e-15,2.435773792911079e-15,0.0007747310601901434,28.530609186306478
86,0.4,20,8,-0.9,75,0,4096,3387,36,0.010459569000220157,0.5998577572734681,voltage,True,2.0560249391384887e-15,2.0259753838274355e-15,0.00966627709860635,14.180519943249564
86,0.4,20,8,-0.9,75,0,4096,3387,36,0.010459569000220157,0.5998577572734681,resistance,True,1.6278343947382294e-15,3.3147417537875653e-15,0.0005296635614066466,27.255954611892303
87,0.4,20,8,-0.9,75,1,128,111,22,2.3063767345552465e-05,0.7863765830010893,voltage,False,0.7453559924999308,0.7453559924999296,,
87,0.4,20,8,-0.9,75,1,128,111,22,2.3063767345552465e-05,0.7863765830010893,resistance,True,6.344778656618872e-15,3.002109317442523e-14,0.5303588530198343,672.9358964469981
87,0.4,20,8,-0.9,75,1,512,448,36,0.002470971992073374,0.6938730321172301,voltage,True,1.844314624666195e-15,1.8125548103765325e-15,0.027904313172259776,11.828499851671172
87,0.4,20,8,-0.9,75,1,512,448,36,0.002470971992073374,0.6938730321172301,resistance,True,3.826694591518411e-15,1.933150440432374e-15,0.0034951787263089217,63.41621187058109
87,0.4,20,8,-0.9,75,1,2048,1710,36,0.01706684048428503,0.6270917078536504,voltage,True,1.3847195248744877e-15,2.020373934009964e-15,0.004340182216800028,8.715580020659537
87,0.4,20,8,-0.9,75,1,2048,1710,36,0.01706684048428503,0.6270917078536504,resistance,True,2.018829908315628e-15,1.875294174932704e-15,0.000348136603059265,21.545661885283454
87,0.4,20,8,-0.9,75,1,4096,3356,36,0.01948635447661319,0.6224578104737682,voltage,True,1.7105423164081585e-15,1.2681645761487819e-15,0.002274154554516949,8.058035470732616
87,0.4,20,8,-0.9,75,1,4096,3356,36,0.01948635447661319,0.6224578104737682,resistance,True,1.818754044175522e-15,1.888190960605966e-15,0.0002531740202665357,19.857096921858737
88,0.4,20,8,0,25,0,128,109,18,0.00396260121307712,0.7601674696105645,voltage,True,1.184527500870209e-15,2.571210190089221e-15,0.09005820219004079,10.133567293433886
88,0.4,20,8,0,25,0,128,109,18,0.00396260121307712,0.7601674696105645,resistance,False,0.7475450015964019,0.7475450015964024,,
88,0.4,20,8,0,25,0,512,438,36,0.010862784071591004,0.6039987795732279,voltage,True,1.12125790444129e-15,2.449842857983417e-15,0.029845692866936453,7.423634532937854
88,0.4,20,8,0,25,0,512,438,36,0.010862784071591004,0.6039987795732279,resistance,True,1.513098814453363e-15,6.121360429756537e-15,0.0031909621803212795,36.12967542797132
88,0.4,20,8,0,25,0,2048,1671,36,0.018771332861135918,0.5795066966005299,voltage,True,2.2209404308862317e-15,1.9201468883987165e-15,0.01048643768503563,7.8032757856682595
88,0.4,20,8,0,25,0,2048,1671,36,0.018771332861135918,0.5795066966005299,resistance,True,1.8430948134133124e-15,2.590375748831076e-15,0.0009075836433761073,25.087222026740786
88,0.4,20,8,0,25,0,4096,3386,36,0.01921819168885051,0.5735110350303523,voltage,True,4.80432626748965e-15,1.553639716686667e-15,0.006721670759270866,7.812632939230555
88,0.4,20,8,0,25,0,4096,3386,36,0.01921819168885051,0.5735110350303523,resistance,True,2.6683624846457985e-15,2.1881456305017608e-15,0.0005080906143630293,24.920255877376746
89,0.4,20,8,0,25,1,128,109,18,0.006411372114923288,0.7716838053733904,voltage,True,1.1940405337020237e-15,1.6694278201248885e-15,0.06923873007429936,8.92774862935642
89,0.4,20,8,0,25,1,128,109,18,0.006411372114923288,0.7716838053733904,resistance,False,0.747545001596402,0.7475450015964019,,
89,0.4,20,8,0,25,1,512,447,36,0.012358697386582136,0.6866751358713936,voltage,True,1.5157359223319902e-15,1.7347470002794506e-15,0.02900048594032592,7.833642185892399
89,0.4,20,8,0,25,1,512,447,36,0.012358697386582136,0.6866751358713936,resistance,True,1.5546964526454492e-15,1.752487317169543e-15,0.0020194242232993895,24.194680598407494
89,0.4,20,8,0,25,1,2048,1716,36,0.024584913730049184,0.6099407609698199,voltage,True,2.6953109017486836e-15,1.7081583471745097e-15,0.0073985291895115575,7.864870696952273
89,0.4,20,8,0,25,1,2048,1716,36,0.024584913730049184,0.6099407609698199,resistance,True,1.3675964394302758e-15,1.8364096711076233e-15,0.0004725107587850499,19.816682564433613
89,0.4,20,8,0,25,1,4096,3420,36,0.02648816826625214,0.6063217819703698,voltage,True,2.8282650820399424e-15,1.313761301083341e-15,0.004451262404559345,7.382093995230777
89,0.4,20,8,0,25,1,4096,3420,36,0.02648816826625214,0.6063217819703698,resistance,True,1.3682441105657728e-15,1.848472056145867e-15,0.00031031063963604736,19.674709973145784
90,0.4,20,8,0,75,0,128,109,18,0.004086530119859098,0.7425281591565289,voltage,True,1.2113203123193943e-15,1.7310512329784062e-15,0.09215995773510023,9.807549786081095
90,0.4,20,8,0,75,0,128,109,18,0.004086530119859098,0.7425281591565289,resistance,False,0.747545001596402,0.7475450015964017,,
90,0.4,20,8,0,75,0,512,435,36,0.00854180793651294,0.6190147472779992,voltage,True,1.7986418006338462e-15,2.3672215135500113e-15,0.030333446249753197,7.396773194218574
90,0.4,20,8,0,75,0,512,435,36,0.00854180793651294,0.6190147472779992,resistance,True,1.9183487483580925e-15,4.372576593230835e-15,0.0037347905288361324,33.53405478360984
90,0.4,20,8,0,75,0,2048,1698,36,0.01854697490441681,0.5846763656086382,voltage,True,1.5496246087186575e-15,2.8458212654065836e-15,0.009684884080319875,7.324768121521616
90,0.4,20,8,0,75,0,2048,1698,36,0.01854697490441681,0.5846763656086382,resistance,True,1.9891480815521816e-15,4.181987526883447e-15,0.0007649010906603244,26.135707866747932
90,0.4,20,8,0,75,0,4096,3391,36,0.018449598421793154,0.5859298209420825,voltage,True,3.735037933339753e-15,1.804782200969441e-15,0.006490154827089415,7.724801806566038
90,0.4,20,8,0,75,0,4096,3391,36,0.018449598421793154,0.5859298209420825,resistance,True,2.3548009060525205e-15,3.679070891211397e-15,0.000504872313662958,26.369125519108348
91,0.4,20,8,0,75,1,128,109,18,0.006329998656119454,0.7697122346816491,voltage,True,1.0805458038671343e-15,2.6197523281131204e-15,0.06594748494043678,8.971746308079346
91,0.4,20,8,0,75,1,128,109,18,0.006329998656119454,0.7697122346816491,resistance,False,0.747545001596402,0.747545001596402,,
91,0.4,20,8,0,75,1,512,442,36,0.012249940155651586,0.6857281041779973,voltage,True,2.011575623641485e-15,1.7269016645542966e-15,0.02825519393986537,8.084903027062335
91,0.4,20,8,0,75,1,512,442,36,0.012249940155651586,0.6857281041779973,resistance,True,1.7876581097020834e-15,3.39963541314223e-15,0.0016962357852040662,26.735580369202328
91,0.4,20,8,0,75,1,2048,1700,36,0.02395027477537965,0.613114911042545,voltage,True,1.7532931842884013e-15,2.0699699857651367e-15,0.006921321298265511,7.758827637552333
91,0.4,20,8,0,75,1,2048,1700,36,0.02395027477537965,0.613114911042545,resistance,True,1.6398562845941116e-15,2.046102654597199e-15,0.0004865267755364055,19.93643325962261
91,0.4,20,8,0,75,1,4096,3379,36,0.025927125571154893,0.607325811084504,voltage,True,2.689075317477972e-15,1.9638639585722115e-15,0.004508457293383582,7.120213000523178
91,0.4,20,8,0,75,1,4096,3379,36,0.025927125571154893,0.607325811084504,resistance,True,1.6622791443839667e-15,1.7240526392681822e-15,0.00029287789370832065,19.402055638856517
92,0.4,20,8,0.9,25,0,128,96,22,0.00033680605417284285,0.7792543293706818,voltage,True,2.468050721315723e-15,8.801378958762931e-15,0.3047184033432526,39.211000521657475
92,0.4,20,8,0.9,25,0,128,96,22,0.00033680605417284285,0.7792543293706818,resistance,False,0.741619848709566,0.7416198487095715,,
92,0.4,20,8,0.9,25,0,512,410,36,0.0032481031741646033,0.6372805289454632,voltage,True,1.3303274522848288e-15,1.7115221810937997e-15,0.04397116878808905,12.389394533695882
92,0.4,20,8,0.9,25,0,512,410,36,0.0032481031741646033,0.6372805289454632,resistance,True,2.07108712312292e-15,3.389025876504777e-15,0.0034957948498702037,32.799684971517664
92,0.4,20,8,0.9,25,0,2048,1616,36,0.015431379520446476,0.5888037335241127,voltage,True,1.831696973496359e-15,2.1774989491818662e-15,0.005585231017322401,9.3322024145017
92,0.4,20,8,0.9,25,0,2048,1616,36,0.015431379520446476,0.5888037335241127,resistance,True,1.792345105573166e-15,1.6526420760189225e-15,0.0011883336055761719,27.121915311999622
92,0.4,20,8,0.9,25,0,4096,3249,36,0.015086107966730536,0.5840644876958605,voltage,True,2.0286289760043e-15,1.435679155069342e-15,0.0040319870850912135,9.018402356843161
92,0.4,20,8,0.9,25,0,4096,3249,36,0.015086107966730536,0.5840644876958605,resistance,True,1.8894543608318893e-15,1.6813797640109388e-15,0.0008629257045207235,27.39570754930772
93,0.4,20,8,0.9,25,1,128,104,22,0.00029276301261146545,0.8389571034074875,voltage,True,2.461448036483246e-15,7.23969601286249e-15,0.39150557119608737,57.79425604909003
93,0.4,20,8,0.9,25,1,128,104,22,0.00029276301261146545,0.8389571034074875,resistance,False,0.7416198487095653,0.7416198487095759,,
93,0.4,20,8,0.9,25,1,512,422,36,0.00851565636485537,0.7063170534384899,voltage,True,1.5925558752417215e-15,1.8078931617759425e-15,0.03476584905933648,12.971556424116304
93,0.4,20,8,0.9,25,1,512,422,36,0.00851565636485537,0.7063170534384899,resistance,True,2.1357060251893216e-15,2.5745744321601835e-15,0.0019717051240606496,25.447633288052426
93,0.4,20,8,0.9,25,1,2048,1658,36,0.021652799636042788,0.6230912950050135,voltage,True,2.327586840731196e-15,1.2883251607242659e-15,0.0038983266556823657,8.165236286677349
93,0.4,20,8,0.9,25,1,2048,1658,36,0.021652799636042788,0.6230912950050135,resistance,True,1.5766235391672598e-15,1.7293678062010413e-15,0.0006405464403273943,22.260651963319752
93,0.4,20,8,0.9,25,1,4096,3299,36,0.024066958051732645,0.6081734735519518,voltage,True,3.0459011587180914e-15,1.4537889532536808e-15,0.0020374169497888476,7.381992202026911
93,0.4,20,8,0.9,25,1,4096,3299,36,0.024066958051732645,0.6081734735519518,resistance,True,1.8303811807649053e-15,1.4597727668805304e-15,0.00035827526018131797,19.795693835057094
94,0.4,20,8,0.9,75,0,128,96,22,0.00033306811605320514,0.7788816518929956,voltage,True,1.4726938826702066e-15,1.1450366225760728e-14,0.29697696011169467,36.57501251964092
94,0.4,20,8,0.9,75,0,128,96,22,0.00033306811605320514,0.7788816518929956,resistance,False,0.741619848709567,0.741619848709569,,
94,0.4,20,8,0.9,75,0,512,403,36,0.003295405307435913,0.6440239380336739,voltage,True,2.24053916890959e-15,2.8539252292267446e-15,0.12010469581986316,36.83174271698633
94,0.4,20,8,0.9,75,0,512,403,36,0.003295405307435913,0.6440239380336739,resistance,True,2.7041129152143575e-15,2.1312212221955803e-15,0.003090857597602204,29.286729895537913
94,0.4,20,8,0.9,75,0,2048,1641,36,0.01591142054175288,0.5947977618710121,voltage,True,1.5596692517028329e-15,1.4669540713837634e-15,0.008955650510581397,9.278263857397251
94,0.4,20,8,0.9,75,0,2048,1641,36,0.01591142054175288,0.5947977618710121,resistance,True,1.4396195153904952e-15,1.4464650854276854e-15,0.0007630370561111665,24.63449847946077
94,0.4,20,8,0.9,75,0,4096,3315,36,0.015296977985217994,0.5880354415958657,voltage,True,2.2122161144324018e-15,2.1972957162252205e-15,0.0071200257867703055,9.51634484060534
94,0.4,20,8,0.9,75,0,4096,3315,36,0.015296977985217994,0.5880354415958657,resistance,True,2.2463243473324686e-15,2.106983994823186e-15,0.0005618452725168632,23.21767058510908
95,0.4,20,8,0.9,75,1,128,107,22,0.0002847930747306895,0.8217433735326548,voltage,True,1.8956643058777026e-15,1.9077769780324345e-14,0.2703211546364937,49.473538088977136
95,0.4,20,8,0.9,75,1,128,107,22,0.0002847930747306895,0.8217433735326548,resistance,False,0.7416198487095648,0.7416198487095618,,
95,0.4,20,8,0.9,75,1,512,428,36,0.00665164627322544,0.7115379773592936,voltage,True,2.177352114814323e-15,1.809190122072947e-15,0.03351686403251123,13.555529135099343
95,0.4,20,8,0.9,75,1,512,428,36,0.00665164627322544,0.7115379773592936,resistance,True,1.7502106865397626e-15,2.794295142619517e-15,0.0026210062831297006,28.370712110420012
95,0.4,20,8,0.9,75,1,2048,1670,36,0.019775785973753443,0.6223622803032222,voltage,True,1.6253863940682616e-15,1.503261774668674e-15,0.00411263416154213,8.679757671139836
95,0.4,20,8,0.9,75,1,2048,1670,36,0.019775785973753443,0.6223622803032222,resistance,True,1.8765313688238663e-15,1.3248654679161953e-15,0.0006276826090903162,20.18993199314415
95,0.4,20,8,0.9,75,1,4096,3361,36,0.02244851025303059,0.6123937124135035,voltage,True,2.016827331748009e-15,1.5754712566104535e-15,0.0024789865691046075,7.797664961434171
95,0.4,20,8,0.9,75,1,4096,3361,36,0.02244851025303059,0.6123937124135035,resistance,True,1.8939724935448445e-15,1.6050129304411597e-15,0.0003822974119265688,18.76744666969189
96,0.4,20,20,-0.9,25,0,128,116,22,3.063025174415951e-05,1.2136630116067364,voltage,False,0.7453559924999299,0.7453559924999307,,
96,0.4,20,20,-0.9,25,0,128,116,22,3.063025174415951e-05,1.2136630116067364,resistance,True,1.569530846807154e-15,1.0189264664601102e-14,0.08436631063832926,269.39893506296846
96,0.4,20,20,-0.9,25,0,512,474,36,0.012042485124227956,1.050570040869139,voltage,True,1.5968434837689683e-15,2.5705698306716897e-15,0.029262093423562598,17.391962772090512
96,0.4,20,20,-0.9,25,0,512,474,36,0.012042485124227956,1.050570040869139,resistance,True,2.672754626257165e-15,4.105185574473347e-15,0.0017183134396024544,26.89636108405102
96,0.4,20,20,-0.9,25,0,2048,1875,36,0.038812277743812046,1.0162708329323504,voltage,True,1.4703757662579143e-15,1.5643837035476993e-15,0.0024054118893689375,14.14879833911018
96,0.4,20,20,-0.9,25,0,2048,1875,36,0.038812277743812046,1.0162708329323504,resistance,True,1.7816097117456906e-15,1.4811870935936078e-15,0.00015159747521232856,15.823811573932142
96,0.4,20,20,-0.9,25,0,4096,3736,36,0.03994700370813106,1.0128333251254353,voltage,True,1.8425465342008166e-15,1.5681251992807286e-15,0.0013904658747065201,12.912938231647395
96,0.4,20,20,-0.9,25,0,4096,3736,36,0.03994700370813106,1.0128333251254353,resistance,True,1.5000283253752554e-15,1.5983412487787382e-15,0.00011244370647093153,16.057544176635602
97,0.4,20,20,-0.9,25,1,128,118,22,0.0019429443989930648,1.1914107587848282,voltage,False,0.7453559924999299,0.7453559924999302,,
97,0.4,20,20,-0.9,25,1,128,118,22,0.0019429443989930648,1.1914107587848282,resistance,True,2.3040929139286494e-15,2.240484865913686e-14,0.1831318143257723,454.1339297523556
97,0.4,20,20,-0.9,25,1,512,474,36,0.017370200935079183,1.270475457544616,voltage,True,1.1104072444787345e-15,2.1474865732972287e-15,0.008684314745450807,13.978189636187677
97,0.4,20,20,-0.9,25,1,512,474,36,0.017370200935079183,1.270475457544616,resistance,True,5.328697888105038e-15,4.910885702601929e-15,0.0019961898002258988,46.684861462615906
97,0.4,20,20,-0.9,25,1,2048,1883,36,0.0516535575341108,1.114173864593457,voltage,True,2.8162958837210375e-15,1.933603087343212e-15,0.0016127486479060684,12.396028454387777
97,0.4,20,20,-0.9,25,1,2048,1883,36,0.0516535575341108,1.114173864593457,resistance,True,1.478292970197204e-15,1.586561984434985e-15,0.00011707329490660456,13.40008841049961
97,0.4,20,20,-0.9,25,1,4096,3741,36,0.05410841996963732,1.0953913670759254,voltage,True,2.1752258885185867e-15,1.631344946825938e-15,0.0011143806351832989,11.616764822254181
97,0.4,20,20,-0.9,25,1,4096,3741,36,0.05410841996963732,1.0953913670759254,resistance,True,1.872879387086841e-15,2.2589077294767275e-15,7.869986000076707e-05,12.56079961144488
98,0.4,20,20,-0.9,75,0,128,114,24,0.00026016336780579954,1.2221718116251246,voltage,True,1.3923312725555514e-15,9.793526292362876e-15,0.7520970538559582,76.79651932852204
98,0.4,20,20,-0.9,75,0,128,114,24,0.00026016336780579954,1.2221718116251246,resistance,True,2.3897214830352195e-15,1.8325411194134275e-14,0.14020871463807805,341.83392868538294
98,0.4,20,20,-0.9,75,0,512,471,36,0.003374222170824318,1.0513326033491333,voltage,True,1.4549801430350477e-15,1.6075311279045512e-15,0.01258269867382075,12.38739769768201
98,0.4,20,20,-0.9,75,0,512,471,36,0.003374222170824318,1.0513326033491333,resistance,True,1.37816923989482e-15,3.920946118004811e-15,0.0014869268272459661,24.480624390356706
98,0.4,20,20,-0.9,75,0,2048,1874,36,0.03001750513149708,1.0191066076666044,voltage,True,2.345218787703644e-15,2.1034321406909293e-15,0.00410138857482499,12.896242656018229
98,0.4,20,20,-0.9,75,0,2048,1874,36,0.03001750513149708,1.0191066076666044,resistance,True,1.4881010572672565e-15,1.3877592633141595e-15,0.00020831540433611075,17.161417485563735
98,0.4,20,20,-0.9,75,0,4096,3750,36,0.040532184032534134,1.015409175929628,voltage,True,2.2083020220386667e-15,1.813620939863004e-15,0.0026215859179284148,13.25036209660661
98,0.4,20,20,-0.9,75,0,4096,3750,36,0.040532184032534134,1.015409175929628,resistance,True,1.247076121522907e-15,1.5983585098924525e-15,0.00012570131477031656,16.33982854707066
99,0.4,20,20,-0.9,75,1,128,113,22,2.063978091647595e-05,1.244312767094939,voltage,False,0.7453559924999296,0.745355992499928,,
99,0.4,20,20,-0.9,75,1,128,113,22,2.063978091647595e-05,1.244312767094939,resistance,True,8.416061672795202e-15,9.063541517437792e-14,0.9704185343567717,2137.158121302457
99,0.4,20,20,-0.9,75,1,512,469,36,0.021815703228688896,1.2841995965951092,voltage,True,1.6168648807151124e-15,2.198627455595663e-15,0.009657860022827225,14.490805964958941
99,0.4,20,20,-0.9,75,1,512,469,36,0.021815703228688896,1.2841995965951092,resistance,True,2.5963034646815082e-15,2.2517439588960478e-15,0.00176905562065003,37.74071920246621
99,0.4,20,20,-0.9,75,1,2048,1872,36,0.03938173913404239,1.120130128795055,voltage,True,1.4403564276816116e-15,1.4022191532915467e-15,0.0027601560473765117,14.250126778258663
99,0.4,20,20,-0.9,75,1,2048,1872,36,0.03938173913404239,1.120130128795055,resistance,True,1.1283490463018118e-15,1.4911963759199472e-15,0.0001580977540454527,14.943597374776294
99,0.4,20,20,-0.9,75,1,4096,3728,36,0.050010302705222776,1.0972490474745884,voltage,True,2.108988666507753e-15,1.413031595516843e-15,0.0016512958194338434,12.910653175480087
99,0.4,20,20,-0.9,75,1,4096,3728,36,0.050010302705222776,1.0972490474745884,resistance,True,1.6678410940979534e-15,1.5996538143983504e-15,8.842552568188323e-05,12.715202903255053
100,0.4,20,20,0,25,0,128,118,18,0.004191557034276884,1.1607445974116037,voltage,True,1.2593526854939348e-15,4.665397472290971e-15,0.09107491140868608,18.8810414106969
100,0.4,20,20,0,25,0,128,118,18,0.004191557034276884,1.1607445974116037,resistance,False,0.7475450015964019,0.7475450015964007,,
100,0.4,20,20,0,25,0,512,471,36,0.001762557428094903,1.0336726557168388,voltage,True,1.6858732357179783e-15,1.687771797159411e-15,0.021969710011810677,11.831576238503777
100,0.4,20,20,0,25,0,512,471,36,0.001762557428094903,1.0336726557168388,resistance,True,1.930079120985299e-15,1.8807324212400354e-15,0.0007718509844666129,19.643827509143584
100,0.4,20,20,0,25,0,2048,1891,36,0.04195539846830963,1.005355145081112,voltage,True,2.0578133302907055e-15,2.3466235941221185e-15,0.004450082046434535,11.827131373674847
100,0.4,20,20,0,25,0,2048,1891,36,0.04195539846830963,1.005355145081112,resistance,True,1.8050263995148946e-15,1.7488655871415144e-15,0.00024564394787617483,17.06007838699267
100,0.4,20,20,0,25,0,4096,3794,36,0.045993884898708176,1.0048749256457208,voltage,True,1.4266772757917123e-15,2.4390708061455407e-15,0.003065010634864889,12.288315836424625
100,0.4,20,20,0,25,0,4096,3794,36,0.045993884898708176,1.0048749256457208,resistance,True,1.4376297206626007e-15,1.6402021307944888e-15,0.00015418477887656372,15.807037479218423
101,0.4,20,20,0,25,1,128,119,18,0.003522595648542413,1.2100910456825316,voltage,True,1.125968564520004e-15,7.795694956197784e-15,0.1766056960459011,47.87641959816324
101,0.4,20,20,0,25,1,128,119,18,0.003522595648542413,1.2100910456825316,resistance,False,0.747545001596402,0.7475450015964009,,
101,0.4,20,20,0,25,1,512,485,36,0.010171917238840296,1.2733788184774082,voltage,True,1.6936578969697184e-15,2.208125791464855e-15,0.023298279646497666,16.449270318816932
101,0.4,20,20,0,25,1,512,485,36,0.010171917238840296,1.2733788184774082,resistance,True,1.439096690348784e-15,1.621260108078404e-15,0.00048038016784178423,16.357713134294105
101,0.4,20,20,0,25,1,2048,1904,36,0.04978116561869419,1.1054917109543267,voltage,True,2.3551897934400366e-15,1.6875362572451237e-15,0.003335346054479065,12.905830187998442
101,0.4,20,20,0,25,1,2048,1904,36,0.04978116561869419,1.1054917109543267,resistance,True,1.5744458736904186e-15,1.5186949540886557e-15,0.00012272139381857834,11.797830999340679
101,0.4,20,20,0,25,1,4096,3794,36,0.05167766787078361,1.0866981756360734,voltage,True,2.615782449697473e-15,1.976149012318835e-15,0.002264625184256976,12.329814023674887
101,0.4,20,20,0,25,1,4096,3794,36,0.05167766787078361,1.0866981756360734,resistance,True,1.4884386329089345e-15,1.440871042389533e-15,7.245765774025864e-05,11.577032363125767
102,0.4,20,20,0,75,0,128,119,18,0.00696864089562358,1.1619506752520445,voltage,True,1.440783065888296e-15,2.4205533447917668e-15,0.07176769338527286,14.573750346064385
102,0.4,20,20,0,75,0,128,119,18,0.00696864089562358,1.1619506752520445,resistance,False,0.7475450015964019,0.7475450015964012,,
102,0.4,20,20,0,75,0,512,474,36,0.02475246366051639,1.03674045323752,voltage,True,1.5063539507319959e-15,3.006000138837534e-15,0.024169850078821217,11.606880309339937
102,0.4,20,20,0,75,0,512,474,36,0.02475246366051639,1.03674045323752,resistance,True,1.4808173251693716e-15,2.1505365229330975e-15,0.000923590852325683,21.164797212184542
102,0.4,20,20,0,75,0,2048,1886,36,0.0423927234983006,1.0095521491520514,voltage,True,2.6131001632301055e-15,2.028238083048221e-15,0.005997665045266278,12.17094768516638
102,0.4,20,20,0,75,0,2048,1886,36,0.0423927234983006,1.0095521491520514,resistance,True,1.620808809814332e-15,1.633251823501581e-15,0.00022295007439840692,14.923656222776717
102,0.4,20,20,0,75,0,4096,3796,36,0.04604432448590358,1.0097637912610087,voltage,True,1.9495281177991864e-15,1.3602410556119133e-15,0.0035503016786977396,12.548537128102751
102,0.4,20,20,0,75,0,4096,3796,36,0.04604432448590358,1.0097637912610087,resistance,True,1.6143172510734356e-15,1.6663375180375476e-15,0.00014390492845220055,15.259102039337995
103,0.4,20,20,0,75,1,128,121,18,0.005970121458393819,1.1844039520234382,voltage,True,1.2018278695085557e-15,4.353879281247518e-15,0.06636391010627839,16.21769004292376
103,0.4,20,20,0,75,1,128,121,18,0.005970121458393819,1.1844039520234382,resistance,False,0.7475450015964019,0.7475450015964031,,
103,0.4,20,20,0,75,1,512,488,36,0.009474152335747155,1.2756661788341919,voltage,True,1.570803842886673e-15,2.6687848962412883e-15,0.025767582272540928,15.43658245940808
103,0.4,20,20,0,75,1,512,488,36,0.009474152335747155,1.2756661788341919,resistance,True,1.6663875129559394e-15,1.837207251449369e-15,0.0005256920745533058,15.664097946831657
103,0.4,20,20,0,75,1,2048,1931,36,0.04757951350516082,1.1059929218926632,voltage,True,1.6594031257874338e-15,1.4032250578260822e-15,0.004496963130978204,13.87966850974654
103,0.4,20,20,0,75,1,2048,1931,36,0.04757951350516082,1.1059929218926632,resistance,True,1.5491912659688652e-15,1.8414797756119377e-15,0.00011874702287769824,12.886079943771326
103,0.4,20,20,0,75,1,4096,3829,36,0.051156959748473486,1.085286941014706,voltage,True,2.6816354661624015e-15,1.9803031797210592e-15,0.002728501365543779,12.586959899890115
103,0.4,20,20,0,75,1,4096,3829,36,0.051156959748473486,1.085286941014706,resistance,True,1.6220848721248529e-15,1.6093657584889655e-15,7.629121099310566e-05,12.068966977579079
104,0.4,20,20,0.9,25,0,128,122,24,0.001127223139767066,1.1559220377672252,voltage,True,1.8014205670913652e-15,7.41345433363572e-15,0.23951716224836286,59.283750998635206
104,0.4,20,20,0.9,25,0,128,122,24,0.001127223139767066,1.1559220377672252,resistance,False,0.7385489458759963,0.7385489458759964,,
104,0.4,20,20,0.9,25,0,512,468,36,0.005449037383926314,1.0305837399701498,voltage,True,1.5906593745297768e-15,3.016274375785174e-15,0.0207234961140051,14.573947621180425
104,0.4,20,20,0.9,25,0,512,468,36,0.005449037383926314,1.0305837399701498,resistance,True,1.7850991419643294e-15,1.9189328723215195e-15,0.0008949250765692247,21.32726457994612
104,0.4,20,20,0.9,25,0,2048,1810,36,0.0382995226834022,1.003265174066098,voltage,True,1.891783147629877e-15,1.8069608267530477e-15,0.005360024198839799,12.92507034221612
104,0.4,20,20,0.9,25,0,2048,1810,36,0.0382995226834022,1.003265174066098,resistance,True,1.472627918131594e-15,1.6045322113460892e-15,0.00029450772384937774,16.06718533771682
104,0.4,20,20,0.9,25,0,4096,3617,36,0.03924157159045069,1.0010192919926453,voltage,True,2.6765905179962624e-15,1.2054304137303342e-15,0.0031747731735808997,12.898545111274567
104,0.4,20,20,0.9,25,0,4096,3617,36,0.03924157159045069,1.0010192919926453,resistance,True,1.5430402959924995e-15,1.7202921285373263e-15,0.00020043891294837724,15.86112669897653
105,0.4,20,20,0.9,25,1,128,120,24,0.00017303478405566859,1.2368613228306224,voltage,True,1.5455719412848714e-15,3.603673221718202e-15,0.14422401386030048,39.70634297818358
105,0.4,20,20,0.9,25,1,128,120,24,0.00017303478405566859,1.2368613228306224,resistance,False,0.7385489458759951,0.738548945876034,,
105,0.4,20,20,0.9,25,1,512,474,36,0.0023256655174162884,1.283435481852898,voltage,True,1.4354211826057408e-15,4.365875299999883e-15,0.03269235848495197,22.0018447389769
105,0.4,20,20,0.9,25,1,512,474,36,0.0023256655174162884,1.283435481852898,resistance,True,1.5069918033813406e-15,1.0318417256316314e-15,0.0009093622262322028,19.350078005507147
105,0.4,20,20,0.9,25,1,2048,1866,36,0.05122039185877723,1.112046338769929,voltage,True,2.4146654909284375e-15,1.5429915020519335e-15,0.0030737218592754877,13.769972405070682
105,0.4,20,20,0.9,25,1,2048,1866,36,0.05122039185877723,1.112046338769929,resistance,True,1.4865485579043505e-15,1.6412662705695988e-15,0.0001801157459507469,14.287093215722042
105,0.4,20,20,0.9,25,1,4096,3723,36,0.05416682745443264,1.0938542262723945,voltage,True,1.4636400728061767e-15,1.3791996813351483e-15,0.0020219389703360893,12.43622482371777
105,0.4,20,20,0.9,25,1,4096,3723,36,0.05416682745443264,1.0938542262723945,resistance,True,1.4517923780162677e-15,1.2494900894252717e-15,0.0001133219895012974,13.418171265837518
106,0.4,20,20,0.9,75,0,128,123,24,0.0001807898471163621,1.150440825226329,voltage,True,1.8893794985913678e-15,4.1465533280978155e-15,0.19315286053441966,53.74893919376757
106,0.4,20,20,0.9,75,0,128,123,24,0.0001807898471163621,1.150440825226329,resistance,False,0.7385489458759968,0.7385489458759749,,
106,0.4,20,20,0.9,75,0,512,466,36,0.006942114348189316,1.0248433727755177,voltage,True,2.0578496778455796e-15,2.2660033311466037e-15,0.02658900239698059,17.238129424331113
106,0.4,20,20,0.9,75,0,512,466,36,0.006942114348189316,1.0248433727755177,resistance,True,1.5215905750079902e-15,1.6791247190449704e-15,0.0010044218637474548,18.216065549152436
106,0.4,20,20,0.9,75,0,2048,1878,36,0.041286537686698856,1.0031478268459293,voltage,True,2.6261751249251632e-15,2.0109270292844573e-15,0.004276242188611352,12.797773802720625
106,0.4,20,20,0.9,75,0,2048,1878,36,0.041286537686698856,1.0031478268459293,resistance,True,1.6401662822110038e-15,1.8759383283323005e-15,0.00027805679953231145,16.437585879015817
106,0.4,20,20,0.9,75,0,4096,3776,36,0.0423298905049025,0.9989432098512603,voltage,True,3.1991009702387224e-15,1.5429461984851146e-15,0.0026133156042189576,12.58693567464371
106,0.4,20,20,0.9,75,0,4096,3776,36,0.0423298905049025,0.9989432098512603,resistance,True,1.8291031441510893e-15,1.2045277610092857e-15,0.00015922373742178296,16.174773363800796
107,0.4,20,20,0.9,75,1,128,124,24,0.000180494578060163,1.2379458671753616,voltage,True,2.659245872865515e-15,3.5180891904311212e-15,0.14946539745139234,41.35240153044678
107,0.4,20,20,0.9,75,1,128,124,24,0.000180494578060163,1.2379458671753616,resistance,False,0.7385489458759933,0.7385489458760398,,
107,0.4,20,20,0.9,75,1,512,488,36,0.002968995331184608,1.2796022319715439,voltage,True,1.5095181613723151e-15,4.2158249444272994e-15,0.02910512442450356,22.289801497396393
107,0.4,20,20,0.9,75,1,512,488,36,0.002968995331184608,1.2796022319715439,resistance,True,1.2969587040819666e-15,1.6423568447404666e-15,0.0006645595909143558,19.957025649907656
107,0.4,20,20,0.9,75,1,2048,1866,36,0.04641150137639376,1.1143203404151916,voltage,True,1.2907209962787355e-15,1.6882262618288832e-15,0.003459670224198893,13.808568677002928
107,0.4,20,20,0.9,75,1,2048,1866,36,0.04641150137639376,1.1143203404151916,resistance,True,1.5162089932810532e-15,1.6933538148907265e-15,0.0001898878902363599,15.211225292485054
107,0.4,20,20,0.9,75,1,4096,3745,36,0.05371335022782624,1.0927448464554184,voltage,True,3.3486359432856856e-15,1.417261833653284e-15,0.002081385905076399,12.342501475803948
107,0.4,20,20,0.9,75,1,4096,3745,36,0.05371335022782624,1.0927448464554184,resistance,True,1.6158140681514407e-15,1.4113510785467736e-15,0.00010066085904575032,13.08543972821291
108,0.4,160,2,-0.9,25,0,128,13,13,0.0001437776431997035,0.7401687588151581,voltage,False,0.7645531329037014,0.7645531329037012,,
108,0.4,160,2,-0.9,25,0,128,13,13,0.0001437776431997035,0.7401687588151581,resistance,False,0.9993784675746774,0.9993784675746774,,
108,0.4,160,2,-0.9,25,0,512,88,32,1.457254590072138e-05,0.51121233209325,voltage,True,1.4196444543285103e-15,1.2973086397643284e-15,0.22221914987022343,10.227738618411488
108,0.4,160,2,-0.9,25,0,512,88,32,1.457254590072138e-05,0.51121233209325,resistance,False,0.7319250547113996,0.7319250547113998,,
108,0.4,160,2,-0.9,25,0,2048,381,36,0.002120649529160604,0.4384654241989405,voltage,True,1.7010203241146678e-15,1.3707483695462256e-15,0.11093799405341132,8.99451060721879
108,0.4,160,2,-0.9,25,0,2048,381,36,0.002120649529160604,0.4384654241989405,resistance,True,2.0077015019544968e-15,2.4018461877678014e-15,0.03301305348001381,57.210470423735885
108,0.4,160,2,-0.9,25,0,4096,766,36,0.0021268473762384938,0.4387035882275618,voltage,True,1.811969798672001e-15,1.7341907059405172e-15,0.0785885603464634,9.013081143104067
108,0.4,160,2,-0.9,25,0,4096,766,36,0.0021268473762384938,0.4387035882275618,resistance,True,6.0365208168650624e-15,3.4582851968346886e-15,0.023298820836257898,56.980350810952785
109,0.4,160,2,-0.9,25,1,128,25,16,5.209258386801352e-05,0.6747862535708613,voltage,False,0.75955452531275,0.7595545253127501,,
109,0.4,160,2,-0.9,25,1,128,25,16,5.209258386801352e-05,0.6747862535708613,resistance,False,0.7527726527090808,0.752772652709081,,
109,0.4,160,2,-0.9,25,1,512,172,31,0.00025895509288225023,0.5573175314709768,voltage,True,1.5197082324232445e-15,1.5756290745671482e-15,0.10640133771674182,9.392179880173568
109,0.4,160,2,-0.9,25,1,512,172,31,0.00025895509288225023,0.5573175314709768,resistance,False,0.7328235829311208,0.73282358293112,,
109,0.4,160,2,-0.9,25,1,2048,544,36,0.001977400745785315,0.4622500905097372,voltage,True,1.7539808995844979e-15,1.587586264540512e-15,0.07657487140180419,9.30065648198061
109,0.4,160,2,-0.9,25,1,2048,544,36,0.001977400745785315,0.4622500905097372,resistance,True,3.18622040341663e-15,2.73995613570269e-15,0.015455327581069104,45.00401971898284
109,0.4,160,2,-0.9,25,1,4096,1004,36,0.0023668700537189374,0.45340521893243807,voltage,True,1.570920056930199e-15,1.527689755030678e-15,0.04974273779842803,8.2266219124922
109,0.4,160,2,-0.9,25,1,4096,1004,36,0.0023668700537189374,0.45340521893243807,resistance,True,2.677789357713314e-15,2.2286130311878155e-15,0.011360256690411063,44.621002286343426
110,0.4,160,2,-0.9,75,0,128,20,16,2.5516420816138152e-05,0.6762542907447076,voltage,False,0.7595545253127506,0.759554525312749,,
110,0.4,160,2,-0.9,75,0,128,20,16,2.5516420816138152e-05,0.6762542907447076,resistance,False,0.7527726527090801,0.7527726527090807,,
110,0.4,160,2,-0.9,75,0,512,90,33,1.884234796489158e-05,0.5101935278410304,voltage,True,1.1686917929427787e-15,1.1324754609132903e-15,0.1944623128889928,9.352208396961185
110,0.4,160,2,-0.9,75,0,512,90,33,1.884234796489158e-05,0.5101935278410304,resistance,False,0.7315663701190457,0.7315663701190458,,
110,0.4,160,2,-0.9,75,0,2048,398,36,0.0016995286257724773,0.43935719826881836,voltage,True,1.8242318049181747e-15,1.7691401862540937e-15,0.0967105355204876,8.282625814107824
110,0.4,160,2,-0.9,75,0,2048,398,36,0.0016995286257724773,0.43935719826881836,resistance,True,2.7993997001556037e-15,3.583839038291184e-15,0.03318414524766335,59.24749562601401
110,0.4,160,2,-0.9,75,0,4096,829,36,0.001968680103934302,0.4418875205893136,voltage,True,1.3167771160716965e-15,1.4893253904557016e-15,0.06367565547981552,8.262265358959535
110,0.4,160,2,-0.9,75,0,4096,829,36,0.001968680103934302,0.4418875205893136,resistance,True,2.75094898277905e-15,3.591025330551786e-15,0.02121477850314612,57.88241407835095
111,0.4,160,2,-0.9,75,1,128,21,16,3.9604611938634147e-05,0.6868847564634549,voltage,False,0.75955452531275,0.7595545253127506,,
111,0.4,160,2,-0.9,75,1,128,21,16,3.9604611938634147e-05,0.6868847564634549,resistance,False,0.7527726527090799,0.752772652709082,,
111,0.4,160,2,-0.9,75,1,512,148,32,0.00026984061872222453,0.542012871368743,voltage,True,1.3099149762295294e-15,8.855356965584068e-16,0.11611446228720189,9.408765268052493
111,0.4,160,2,-0.9,75,1,512,148,32,0.00026984061872222453,0.542012871368743,resistance,False,0.7319250547114,0.7319250547114002,,
111,0.4,160,2,-0.9,75,1,2048,506,36,0.0022789673429397155,0.4577230539470236,voltage,True,1.903314152818173e-15,1.3064956122098676e-15,0.06564365344751963,8.880472324959603
111,0.4,160,2,-0.9,75,1,2048,506,36,0.0022789673429397155,0.4577230539470236,resistance,True,4.102810658072746e-15,3.4049827200139386e-15,0.016949220583489737,45.59386625626815
111,0.4,160,2,-0.9,75,1,4096,1012,36,0.002449858897865901,0.4546042661547435,voltage,True,2.450892484331333e-15,1.2974424376248619e-15,0.04663753868089582,8.462849849731862
111,0.4,160,2,-0.9,75,1,4096,1012,36,0.002449858897865901,0.4546042661547435,resistance,True,2.443964061035282e-15,2.3748975226474228e-15,0.011081662479657651,44.801862609182294
112,0.4,160,2,0,25,0,128,20,13,0.0014128701278978007,0.6507244071917565,voltage,False,0.7687389691097462,0.7687389691097459,,
112,0.4,160,2,0,25,0,128,20,13,0.0014128701278978007,0.6507244071917565,resistance,False,0.7745613284800369,0.7745613284800368,,
112,0.4,160,2,0,25,0,512,75,24,0.0008207543128177173,0.5261187628259457,voltage,False,0.7453559924999298,0.7453559924999299,,
112,0.4,160,2,0,25,0,512,75,24,0.0008207543128177173,0.5261187628259457,resistance,True,1.794085939088311e-15,1.2102466749786166e-15,0.09548584475512659,90.04672130165257
112,0.4,160,2,0,25,0,2048,362,24,0.006676721110263966,0.46251126198146486,voltage,False,0.7453559924999299,0.7453559924999299,,
112,0.4,160,2,0,25,0,2048,362,24,0.006676721110263966,0.46251126198146486,resistance,True,2.3848056084474423e-15,2.330409962417918e-15,0.020867651123656142,42.39824410519015
112,0.4,160,2,0,25,0,4096,759,24,0.006252053142018047,0.4403707309135731,voltage,False,0.7453559924999296,0.74535599249993,,
112,0.4,160,2,0,25,0,4096,759,24,0.006252053142018047,0.4403707309135731,resistance,True,3.0890856407994907e-15,3.0452225561377805e-15,0.014208442319543905,40.15537184500957
113,0.4,160,2,0,25,1,128,32,16,0.0010244643643338685,0.6436967435597439,voltage,False,0.7687061147858075,0.7687061147858072,,
113,0.4,160,2,0,25,1,128,32,16,0.0010244643643338685,0.6436967435597439,resistance,False,0.7595545253127499,0.7595545253127499,,
113,0.4,160,2,0,25,1,512,138,24,0.001701521724046883,0.5356709546908133,voltage,False,0.7453559924999299,0.7453559924999299,,
113,0.4,160,2,0,25,1,512,138,24,0.001701521724046883,0.5356709546908133,resistance,True,3.463149515802212e-15,2.213912224450507e-15,0.048165742583437324,72.65222638804526
113,0.4,160,2,0,25,1,2048,436,24,0.009372574841647502,0.44863548212485965,voltage,False,0.7453559924999299,0.7453559924999298,,
113,0.4,160,2,0,25,1,2048,436,24,0.009372574841647502,0.44863548212485965,resistance,True,1.8553243959048518e-15,3.412372410020389e-15,0.013155082565877467,35.61096661333334
113,0.4,160,2,0,25,1,4096,845,24,0.00986612718830844,0.44743668740968356,voltage,False,0.7453559924999298,0.74535599249993,,
113,0.4,160,2,0,25,1,4096,845,24,0.00986612718830844,0.44743668740968356,resistance,True,1.4801790442089793e-15,2.2236794186118975e-15,0.007690153666009295,33.76358906706134
114,0.4,160,2,0,75,0,128,23,15,0.0009646733225220103,0.6428112104049803,voltage,False,0.768718295402912,0.7687182954029124,,
114,0.4,160,2,0,75,0,128,23,15,0.0009646733225220103,0.6428112104049803,resistance,False,0.7637539712197415,0.7637539712197418,,
114,0.4,160,2,0,75,0,512,76,24,0.0009702427730719078,0.5275076253297624,voltage,False,0.7453559924999296,0.7453559924999298,,
114,0.4,160,2,0,75,0,512,76,24,0.0009702427730719078,0.5275076253297624,resistance,True,2.0905903511058945e-15,1.75298129793291e-15,0.14270110367690916,124.87192116504076
114,0.4,160,2,0,75,0,2048,322,24,0.005807874876823103,0.4620659695243463,voltage,False,0.7453559924999298,0.7453559924999298,,
114,0.4,160,2,0,75,0,2048,322,24,0.005807874876823103,0.4620659695243463,resistance,True,2.4230640040579203e-15,3.731402506987453e-15,0.01904962047818115,39.311053907024
114,0.4,160,2,0,75,0,4096,612,24,0.006907359103216835,0.4395507939042271,voltage,False,0.7453559924999299,0.7453559924999299,,
114,0.4,160,2,0,75,0,4096,612,24,0.006907359103216835,0.4395507939042271,resistance,True,3.346403004208498e-15,2.041896831656899e-15,0.012968567215120056,34.296008911030086
115,0.4,160,2,0,75,1,128,29,16,0.0008254391476629896,0.6420289410439705,voltage,False,0.7687061147858072,0.7687061147858072,,
115,0.4,160,2,0,75,1,128,29,16,0.0008254391476629896,0.6420289410439705,resistance,False,0.7595545253127499,0.7595545253127501,,
115,0.4,160,2,0,75,1,512,173,24,0.0011806996781198978,0.5560197570093605,voltage,False,0.7453559924999298,0.7453559924999296,,
115,0.4,160,2,0,75,1,512,173,24,0.0011806996781198978,0.5560197570093605,resistance,True,2.045544164886587e-15,2.13610849569149e-15,0.04535487761028128,79.89032143003764
115,0.4,160,2,0,75,1,2048,485,24,0.009648378818363224,0.4522847443026135,voltage,False,0.7453559924999299,0.7453559924999299,,
115,0.4,160,2,0,75,1,2048,485,24,0.009648378818363224,0.4522847443026135,resistance,True,1.3948030334093298e-15,2.0519523658829926e-15,0.011230594155204507,34.618526132497976
115,0.4,160,2,0,75,1,4096,904,24,0.009807920741166737,0.4491519629404327,voltage,False,0.7453559924999299,0.7453559924999298,,
115,0.4,160,2,0,75,1,4096,904,24,0.009807920741166737,0.4491519629404327,resistance,True,1.7562831803725076e-15,1.6340719451235904e-15,0.00816004938205403,33.511792127836635
116,0.4,160,2,0.9,25,0,128,18,13,0.0014487010171337063,0.6966278998899522,voltage,False,0.7687291492177454,0.7687291492177456,,
116,0.4,160,2,0.9,25,0,128,18,13,0.0014487010171337063,0.6966278998899522,resistance,False,0.7637462680496583,0.763746268049658,,
116,0.4,160,2,0.9,25,0,512,80,31,0.0006561796986573411,0.5197730450169312,voltage,False,0.7338035201338239,0.7338035201338241,,
116,0.4,160,2,0.9,25,0,512,80,31,0.0006561796986573411,0.5197730450169312,resistance,True,2.214310774377342e-15,3.360400662025831e-15,0.12108302934933934,104.64541778017633
116,0.4,160,2,0.9,25,0,2048,382,36,0.0017004870549376025,0.44587328920322206,voltage,True,2.0041132613107243e-15,1.3965034788948018e-15,0.12299025245355902,10.608695239213251
116,0.4,160,2,0.9,25,0,2048,382,36,0.0017004870549376025,0.44587328920322206,resistance,True,3.186559913277111e-15,2.4645754138561623e-15,0.03176253950336309,57.541667092736496
116,0.4,160,2,0.9,25,0,4096,760,36,0.0016723318297187045,0.44152603412653013,voltage,True,1.3885414959963716e-15,1.3772611862404587e-15,0.08420354711382821,10.110277176957164
116,0.4,160,2,0.9,25,0,4096,760,36,0.0016723318297187045,0.44152603412653013,resistance,True,2.198383541932693e-15,2.5540832051531144e-15,0.02209860792612397,55.82213819464936
117,0.4,160,2,0.9,25,1,128,33,14,0.00011740796645057514,0.7280272195180195,voltage,False,0.768706114785807,0.7687061147858073,,
117,0.4,160,2,0.9,25,1,128,33,14,0.00011740796645057514,0.7280272195180195,resistance,False,0.7595545253127499,0.7595545253127499,,
117,0.4,160,2,0.9,25,1,512,167,32,5.374961717109722e-05,0.534597346901612,voltage,False,0.7337993857053428,0.7337993857053428,,
117,0.4,160,2,0.9,25,1,512,167,32,5.374961717109722e-05,0.534597346901612,resistance,True,2.1741880650567604e-15,2.9319969402411067e-15,0.05879387735016081,88.42983672674802
117,0.4,160,2,0.9,25,1,2048,479,36,0.002350435506813553,0.4638023846604725,voltage,True,2.1014805009994665e-15,1.2732210649982239e-15,0.08213074494991492,9.307538047933141
117,0.4,160,2,0.9,25,1,2048,479,36,0.002350435506813553,0.4638023846604725,resistance,True,4.5266509251721785e-15,2.8783447700873672e-15,0.018600757045923545,47.137834940840854
117,0.4,160,2,0.9,25,1,4096,951,36,0.0023033719368903438,0.46544025114280063,voltage,True,1.582175999428748e-15,1.203558629823924e-15,0.05878093938121721,9.931084766920511
117,0.4,160,2,0.9,25,1,4096,951,36,0.0023033719368903438,0.46544025114280063,resistance,True,3.966138897451156e-15,2.6241236406556707e-15,0.010409151719054401,45.11959880582265
118,0.4,160,2,0.9,75,0,128,17,13,1.6641120626880476e-06,0.6893971062207265,voltage,False,0.7687383658438485,0.7687383658438518,,
118,0.4,160,2,0.9,75,0,128,17,13,1.6641120626880476e-06,0.6893971062207265,resistance,False,0.7686837863375383,0.768683786337549,,
118,0.4,160,2,0.9,75,0,512,92,31,7.529773785504615e-07,0.5183031208165304,voltage,False,0.7338048960303302,0.7338048960302913,,
118,0.4,160,2,0.9,75,0,512,92,31,7.529773785504615e-07,0.5183031208165304,resistance,True,2.553319112356883e-15,3.570212126212795e-15,0.10123541015757194,102.59629386091478
118,0.4,160,2,0.9,75,0,2048,382,36,0.001875874522182411,0.45674986675555324,voltage,True,1.1547007527673364e-15,1.3949368703831792e-15,0.11180606119610294,9.820851996407741
118,0.4,160,2,0.9,75,0,2048,382,36,0.001875874522182411,0.45674986675555324,resistance,True,3.2996721911945632e-15,2.744415151784321e-15,0.02835280862823707,55.172170706499
118,0.4,160,2,0.9,75,0,4096,795,36,0.0018878424478371207,0.4444488757624389,voltage,True,1.2499031361847627e-15,1.3700046023685724e-15,0.07137222784860497,8.81411676836968
118,0.4,160,2,0.9,75,0,4096,795,36,0.0018878424478371207,0.4444488757624389,resistance,True,4.4264740392624935e-15,2.691929222358912e-15,0.01925159960878213,52.29763049336626
119,0.4,160,2,0.9,75,1,128,27,14,0.00011584982217199973,0.6852113176673539,voltage,False,0.7687061147858073,0.7687061147858083,,
119,0.4,160,2,0.9,75,1,128,27,14,0.00011584982217199973,0.6852113176673539,resistance,False,0.759554525312751,0.7595545253127511,,
119,0.4,160,2,0.9,75,1,512,169,32,4.4563983109148844e-05,0.5301552717070717,voltage,False,0.7337993857053421,0.7337993857053415,,
119,0.4,160,2,0.9,75,1,512,169,32,4.4563983109148844e-05,0.5301552717070717,resistance,True,2.549642613344742e-15,2.785699906632697e-15,0.05598044757360537,88.01484853468702
119,0.4,160,2,0.9,75,1,2048,501,36,0.0019597822502199704,0.46631906836319176,voltage,True,1.3795073152491557e-15,1.7050697563687419e-15,0.09806762617792882,11.116670514914743
119,0.4,160,2,0.9,75,1,2048,501,36,0.0019597822502199704,0.46631906836319176,resistance,True,3.204125373440212e-15,1.334363257921056e-15,0.01695891871270123,45.47033569215448
119,0.4,160,2,0.9,75,1,4096,928,36,0.002410673221604307,0.4622326734808765,voltage,True,1.7253709977281606e-15,1.4167488514594455e-15,0.0553025262306587,8.7282908039903
119,0.4,160,2,0.9,75,1,4096,928,36,0.002410673221604307,0.4622326734808765,resistance,True,2.973897799976251e-15,3.2156032725278226e-15,0.011611583622915303,44.9758566362551
120,0.4,160,8,-0.9,25,0,128,94,18,0.0003475868877421009,0.7540877072068061,voltage,False,0.752772652709081,0.7527726527090802,,
120,0.4,160,8,-0.9,25,0,128,94,18,0.0003475868877421009,0.7540877072068061,resistance,True,2.3556629140998515e-14,1.4801297247950047e-13,1.2627800164627514,1633.5389700252704
120,0.4,160,8,-0.9,25,0,512,415,34,0.0022139031835424015,0.6000739315038603,voltage,True,1.2986411309447273e-15,1.5024265924881774e-15,0.021915149287435137,7.8607402983364
120,0.4,160,8,-0.9,25,0,512,415,34,0.0022139031835424015,0.6000739315038603,resistance,True,3.242881455742025e-14,4.73144489591957e-13,0.0937143940356109,174.91400501641996
120,0.4,160,8,-0.9,25,0,2048,1636,36,0.010009310549474803,0.5579887480931968,voltage,True,2.0578838347454854e-15,1.354946075207744e-15,0.006211911940749193,7.958496800048807
120,0.4,160,8,-0.9,25,0,2048,1636,36,0.010009310549474803,0.5579887480931968,resistance,True,1.8417120621471967e-15,2.31841342049232e-15,0.0008569531991807536,21.436045261252872
120,0.4,160,8,-0.9,25,0,4096,3285,36,0.010811145865475248,0.554650525170198,voltage,True,1.7923844340394176e-15,1.2726884170160304e-15,0.004026054523594878,8.003876242225761
120,0.4,160,8,-0.9,25,0,4096,3285,36,0.010811145865475248,0.554650525170198,resistance,True,1.4312553516315414e-15,2.8468676165536123e-15,0.0005478049720447297,20.953036690032413
121,0.4,160,8,-0.9,25,1,128,95,18,0.0024119592822250515,0.7761384855973863,voltage,False,0.752772652709081,0.7527726527090803,,
121,0.4,160,8,-0.9,25,1,128,95,18,0.0024119592822250515,0.7761384855973863,resistance,True,5.012221212341878e-15,4.746475973980154e-14,0.17800915041199736,263.6603200421432
121,0.4,160,8,-0.9,25,1,512,433,34,0.0021663396986790415,0.672232997745971,voltage,True,1.4865831656615814e-15,1.8430225112776668e-15,0.01838393838021036,8.51557929433244
121,0.4,160,8,-0.9,25,1,512,433,34,0.0021663396986790415,0.672232997745971,resistance,True,3.2104616823888727e-14,7.621528092350043e-13,0.09289086739426596,199.6687825838904
121,0.4,160,8,-0.9,25,1,2048,1657,36,0.012838864858256851,0.5886393658901234,voltage,True,1.9375531117970326e-15,1.754229195416912e-15,0.003233714326076141,7.713606100318247
121,0.4,160,8,-0.9,25,1,2048,1657,36,0.012838864858256851,0.5886393658901234,resistance,True,1.3644331996316773e-15,1.7616377493575519e-15,0.00023992909595177563,15.776782590451083
121,0.4,160,8,-0.9,25,1,4096,3283,36,0.013681921578207327,0.58031789985583,voltage,True,2.839603324817579e-15,1.429215614697087e-15,0.0018720675142143563,6.792380926996475
121,0.4,160,8,-0.9,25,1,4096,3283,36,0.013681921578207327,0.58031789985583,resistance,True,1.60009528326101e-15,1.307713732026452e-15,0.0001440714083843318,14.406011830392709
122,0.4,160,8,-0.9,75,0,128,94,18,0.0014862036753490895,0.7529573529085161,voltage,False,0.7527726527090811,0.7527726527090813,,
122,0.4,160,8,-0.9,75,0,128,94,18,0.0014862036753490895,0.7529573529085161,resistance,True,2.6308193164087275e-14,5.867273269228507e-14,0.32123852154109245,393.7307325491713
122,0.4,160,8,-0.9,75,0,512,408,34,0.002228793229471682,0.6007457854667192,voltage,True,1.621533100545385e-15,1.887237250060389e-15,0.02053928035881594,7.518327434126494
122,0.4,160,8,-0.9,75,0,512,408,34,0.002228793229471682,0.6007457854667192,resistance,True,2.5799622313137462e-14,1.4980459080225738e-13,0.09408551033166938,173.73761558969875
122,0.4,160,8,-0.9,75,0,2048,1618,36,0.009895253002121861,0.556603815004494,voltage,True,2.1519963954843465e-15,1.8358437997089036e-15,0.006353881586005725,7.70304657835236
122,0.4,160,8,-0.9,75,0,2048,1618,36,0.009895253002121861,0.556603815004494,resistance,True,1.4168907334603112e-15,3.0226817875430652e-15,0.0009062578355491019,20.78887877938642
122,0.4,160,8,-0.9,75,0,4096,3250,36,0.010059454340608856,0.5534953019067108,voltage,True,2.3939341022563085e-15,1.9465149508180224e-15,0.004468760952688335,7.540449451004889
122,0.4,160,8,-0.9,75,0,4096,3250,36,0.010059454340608856,0.5534953019067108,resistance,True,1.6577106985310934e-15,3.892912042822295e-15,0.00061891171114751,20.34423532932756
123,0.4,160,8,-0.9,75,1,128,94,18,0.0013326167884045055,0.7736681622609489,voltage,False,0.752772652709081,0.752772652709081,,
123,0.4,160,8,-0.9,75,1,128,94,18,0.0013326167884045055,0.7736681622609489,resistance,True,9.827157552531238e-15,4.393931399119072e-14,0.3532196010200401,448.96851063391216
123,0.4,160,8,-0.9,75,1,512,423,34,0.002189459738610151,0.6701528123672572,voltage,True,2.2896455142787544e-15,1.2955178591805127e-15,0.02079931633148937,9.12314682244343
123,0.4,160,8,-0.9,75,1,512,423,34,0.002189459738610151,0.6701528123672572,resistance,True,2.5042230575768454e-14,1.7055112511661286e-13,0.09307842691352038,196.9168740091024
123,0.4,160,8,-0.9,75,1,2048,1654,36,0.013262735090089673,0.5838573184696587,voltage,True,1.9042338682762856e-15,1.644121438582655e-15,0.0029718812777534778,7.757308627150609
123,0.4,160,8,-0.9,75,1,2048,1654,36,0.013262735090089673,0.5838573184696587,resistance,True,1.7147663090186004e-15,1.2397410415366507e-15,0.0002499637755824445,16.040905359761535
123,0.4,160,8,-0.9,75,1,4096,3305,36,0.013635690185192631,0.5775814870710408,voltage,True,2.529235207363378e-15,1.5845172583414518e-15,0.0018879834762460322,6.8719799714149925
123,0.4,160,8,-0.9,75,1,4096,3305,36,0.013635690185192631,0.5775814870710408,resistance,True,1.7145078831315685e-15,2.212204416354833e-15,0.00013007696139314117,14.420062836359952
124,0.4,160,8,0,25,0,128,102,13,0.004440213692775904,0.7568174331973376,voltage,False,0.7746038704393814,0.7746038704393804,,
124,0.4,160,8,0,25,0,128,102,13,0.004440213692775904,0.7568174331973376,resistance,False,0.7687011672148661,0.7687011672148655,,
124,0.4,160,8,0,25,0,512,419,24,0.013324442905540577,0.6376022735979444,voltage,False,0.7453559924999299,0.74535599249993,,
124,0.4,160,8,0,25,0,512,419,24,0.013324442905540577,0.6376022735979444,resistance,True,1.2899401197680615e-15,2.091845143223922e-15,0.002191735158630522,34.47777392888566
124,0.4,160,8,0,25,0,2048,1628,24,0.02677302491567125,0.5883127172893765,voltage,False,0.7453559924999299,0.7453559924999296,,
124,0.4,160,8,0,25,0,2048,1628,24,0.02677302491567125,0.5883127172893765,resistance,True,2.006034491112157e-15,1.2908596228109464e-15,0.00039366354482867804,17.898603082859687
124,0.4,160,8,0,25,0,4096,3258,24,0.0269887915693302,0.582644049313656,voltage,False,0.7453559924999298,0.7453559924999298,,
124,0.4,160,8,0,25,0,4096,3258,24,0.0269887915693302,0.582644049313656,resistance,True,1.2230939247751177e-15,1.7999361802025835e-15,0.0002609988186605137,17.468005554705027
125,0.4,160,8,0,25,1,128,106,13,0.0035988912294653286,0.7798700453196842,voltage,False,0.7746038704393814,0.7746038704393804,,
125,0.4,160,8,0,25,1,128,106,13,0.0035988912294653286,0.7798700453196842,resistance,False,0.7687011672148663,0.7687011672148649,,
125,0.4,160,8,0,25,1,512,441,24,0.014133120549444943,0.7091820159285669,voltage,False,0.7453559924999298,0.7453559924999303,,
125,0.4,160,8,0,25,1,512,441,24,0.014133120549444943,0.7091820159285669,resistance,True,1.6543326292119797e-15,9.293053007110739e-16,0.0010740556477136602,24.27242821318378
125,0.4,160,8,0,25,1,2048,1680,24,0.035432172324803966,0.6155166268244101,voltage,False,0.7453559924999299,0.7453559924999298,,
125,0.4,160,8,0,25,1,2048,1680,24,0.035432172324803966,0.6155166268244101,resistance,True,1.6492020158223781e-15,1.1461922534252305e-15,0.00023738736837426532,13.904847488839666
125,0.4,160,8,0,25,1,4096,3305,24,0.037415631454604574,0.6066889837473637,voltage,False,0.7453559924999295,0.7453559924999299,,
125,0.4,160,8,0,25,1,4096,3305,24,0.037415631454604574,0.6066889837473637,resistance,True,1.9169957517861367e-15,2.081241474176659e-15,0.00014429872664515364,12.938742716693854
126,0.4,160,8,0,75,0,128,102,13,0.0033145223180286293,0.7574247887520522,voltage,False,0.7746036976903199,0.77460369769032,,
126,0.4,160,8,0,75,0,128,102,13,0.0033145223180286293,0.7574247887520522,resistance,False,0.7687012859027305,0.7687012859027312,,
126,0.4,160,8,0,75,0,512,409,24,0.01255906198969415,0.6340614974813569,voltage,False,0.7453559924999296,0.7453559924999298,,
126,0.4,160,8,0,75,0,512,409,24,0.01255906198969415,0.6340614974813569,resistance,True,1.7991732103877396e-15,3.34430235261479e-15,0.00222832380488765,33.98608974773187
126,0.4,160,8,0,75,0,2048,1660,24,0.027300097453049777,0.5860501220392939,voltage,False,0.7453559924999302,0.7453559924999302,,
126,0.4,160,8,0,75,0,2048,1660,24,0.027300097453049777,0.5860501220392939,resistance,True,1.7172410117281013e-15,1.8908757541523505e-15,0.00038126359445488014,17.67457643732541
126,0.4,160,8,0,75,0,4096,3352,24,0.027352086004859038,0.5808132167213227,voltage,False,0.74535599249993,0.7453559924999299,,
126,0.4,160,8,0,75,0,4096,3352,24,0.027352086004859038,0.5808132167213227,resistance,True,2.461535752347423e-15,1.4445650149580884e-15,0.00026605548097158706,17.10706477431524
127,0.4,160,8,0,75,1,128,108,14,0.0026069984664755814,0.7838837463029944,voltage,False,0.7687210228597973,0.7687210228597968,,
127,0.4,160,8,0,75,1,128,108,14,0.0026069984664755814,0.7838837463029944,resistance,False,0.7686957716218582,0.7686957716218563,,
127,0.4,160,8,0,75,1,512,449,24,0.014771086329509393,0.7085992834910722,voltage,False,0.7453559924999299,0.7453559924999306,,
127,0.4,160,8,0,75,1,512,449,24,0.014771086329509393,0.7085992834910722,resistance,True,1.4930140763983682e-15,1.949388359930938e-15,0.0011278933156617143,24.906883903038786
127,0.4,160,8,0,75,1,2048,1673,24,0.03663065630625532,0.61676472275497,voltage,False,0.7453559924999295,0.7453559924999298,,
127,0.4,160,8,0,75,1,2048,1673,24,0.03663065630625532,0.61676472275497,resistance,True,1.1246383155208312e-15,1.576791327406192e-15,0.00024321258315644466,14.124386994580759
127,0.4,160,8,0,75,1,4096,3314,24,0.037028902237282335,0.6065187473204317,voltage,False,0.7453559924999292,0.7453559924999298,,
127,0.4,160,8,0,75,1,4096,3314,24,0.037028902237282335,0.6065187473204317,resistance,True,1.6871732053437629e-15,2.09887123757172e-15,0.00014618610739653058,12.94619250579408
128,0.4,160,8,0.9,25,0,128,96,12,0.009603320667872,0.7686736593279678,voltage,False,0.7817359599705714,0.7817359599705722,,
128,0.4,160,8,0.9,25,0,128,96,12,0.009603320667872,0.7686736593279678,resistance,False,0.7687061147858079,0.7687061147858061,,
128,0.4,160,8,0.9,25,0,512,401,30,0.005229194902141304,0.6125051099041952,voltage,False,0.7359800721939873,0.735980072193987,,
128,0.4,160,8,0.9,25,0,512,401,30,0.005229194902141304,0.6125051099041952,resistance,True,1.658985949759799e-15,6.038707640815881e-15,0.013840651689597326,81.60106804484914
128,0.4,160,8,0.9,25,0,2048,1623,36,0.008866184085733976,0.5692847692256051,voltage,True,1.4602141321140707e-15,1.855910781930886e-15,0.007643420050801185,8.38309299713309
128,0.4,160,8,0.9,25,0,2048,1623,36,0.008866184085733976,0.5692847692256051,resistance,True,1.6577351035004329e-15,2.816625240120351e-15,0.001154407612967275,22.425760704415108
128,0.4,160,8,0.9,25,0,4096,3274,36,0.010345786709356252,0.5658392517559606,voltage,True,1.9654097705606424e-15,1.755714945711259e-15,0.005533634172041602,7.984627159734432
128,0.4,160,8,0.9,25,0,4096,3274,36,0.010345786709356252,0.5658392517559606,resistance,True,1.9639361690365603e-15,3.8179722136129226e-15,0.0007749650894885676,21.505113575939106
129,0.4,160,8,0.9,25,1,128,105,12,0.014177602215416725,0.7840093760874356,voltage,False,0.7817359599705712,0.7817359599705724,,
129,0.4,160,8,0.9,25,1,128,105,12,0.014177602215416725,0.7840093760874356,resistance,False,0.7687061147858073,0.7687061147858096,,
129,0.4,160,8,0.9,25,1,512,421,30,0.005188386047853853,0.6757411334946717,voltage,False,0.7359800721939873,0.7359800721939873,,
129,0.4,160,8,0.9,25,1,512,421,30,0.005188386047853853,0.6757411334946717,resistance,True,1.8935227492670354e-15,9.724964603582646e-15,0.009379806078460683,84.84570181638671
129,0.4,160,8,0.9,25,1,2048,1637,36,0.012617696329518148,0.5958572243527139,voltage,True,1.5121842788614754e-15,1.4669774807918232e-15,0.0041770511120585736,7.77189358268577
129,0.4,160,8,0.9,25,1,2048,1637,36,0.012617696329518148,0.5958572243527139,resistance,True,1.6255512552023838e-15,1.659887555340053e-15,0.00023982088549420012,15.904867346698882
129,0.4,160,8,0.9,25,1,4096,3251,36,0.013202744891332696,0.5878224509336707,voltage,True,2.271015107642103e-15,1.7685607174718573e-15,0.0019065991237533963,6.903957033337957
129,0.4,160,8,0.9,25,1,4096,3251,36,0.013202744891332696,0.5878224509336707,resistance,True,1.833488799687601e-15,1.6256452870162221e-15,0.00013161634561074473,14.391090707755597
130,0.4,160,8,0.9,75,0,128,97,12,0.008136288702396249,0.7755051859433667,voltage,False,0.7817359599705712,0.7817359599705679,,
130,0.4,160,8,0.9,75,0,128,97,12,0.008136288702396249,0.7755051859433667,resistance,False,0.7687061147858072,0.7687061147858075,,
130,0.4,160,8,0.9,75,0,512,395,30,0.003932959704361457,0.6143891186793844,voltage,False,0.7359800721939872,0.7359800721939874,,
130,0.4,160,8,0.9,75,0,512,395,30,0.003932959704361457,0.6143891186793844,resistance,True,1.9644014798388628e-15,7.162383844719076e-15,0.013406587507494763,76.49368150711834
130,0.4,160,8,0.9,75,0,2048,1601,36,0.009192720137464925,0.5691431163084246,voltage,True,1.2121809893141932e-15,1.2716588181802555e-15,0.007040709836284958,8.707882867688848
130,0.4,160,8,0.9,75,0,2048,1601,36,0.009192720137464925,0.5691431163084246,resistance,True,2.017171883430968e-15,3.642463780880907e-15,0.0010687535730319702,21.635433859927954
130,0.4,160,8,0.9,75,0,4096,3244,36,0.010141791612624067,0.563512143290971,voltage,True,1.2244654385450407e-15,1.4797158084623636e-15,0.004346149240703514,8.008819324910204
130,0.4,160,8,0.9,75,0,4096,3244,36,0.010141791612624067,0.563512143290971,resistance,True,2.024797733760669e-15,2.765967915839387e-15,0.0006352924987181152,20.911089870017765
131,0.4,160,8,0.9,75,1,128,105,12,0.014784986389258584,0.7856525973823523,voltage,False,0.7817359599705707,0.7817359599705725,,
131,0.4,160,8,0.9,75,1,128,105,12,0.014784986389258584,0.7856525973823523,resistance,False,0.7687061147858074,0.7687061147858046,,
131,0.4,160,8,0.9,75,1,512,423,30,0.0053094271226847315,0.6790167347470931,voltage,False,0.7359800721939872,0.7359800721939874,,
131,0.4,160,8,0.9,75,1,512,423,30,0.0053094271226847315,0.6790167347470931,resistance,True,1.8399522872354123e-15,6.016577157147889e-15,0.011626550677864323,83.04482635213257
131,0.4,160,8,0.9,75,1,2048,1633,36,0.012243189551106579,0.5940258634277993,voltage,True,1.9616222925045956e-15,1.5832913661473882e-15,0.0029377240948866602,8.13678397423768
131,0.4,160,8,0.9,75,1,2048,1633,36,0.012243189551106579,0.5940258634277993,resistance,True,1.666886290917221e-15,1.782912046949661e-15,0.00026094598782742116,16.089644357315336
131,0.4,160,8,0.9,75,1,4096,3268,36,0.012879379975675696,0.5858706826541773,voltage,True,2.172929487446902e-15,1.520311721506389e-15,0.0020632256373296497,7.267953855602372
131,0.4,160,8,0.9,75,1,4096,3268,36,0.012879379975675696,0.5858706826541773,resistance,True,1.4332485490171829e-15,1.268550881876723e-15,0.00013294523943519588,14.485101853714047
132,0.4,160,20,-0.9,25,0,128,108,18,0.0015260651278660338,1.0870022549916734,voltage,False,0.752772652709081,0.7527726527090802,,
132,0.4,160,20,-0.9,25,0,128,108,18,0.0015260651278660338,1.0870022549916734,resistance,True,2.5178348110650546e-15,2.2450322830497214e-14,0.18950538744660422,419.82804224546675
132,0.4,160,20,-0.9,25,0,512,471,34,0.006401825959485946,1.0095455613356048,voltage,True,1.3168669898271136e-15,1.367607948129435e-15,0.011672722197300018,13.538283665204002
132,0.4,160,20,-0.9,25,0,512,471,34,0.006401825959485946,1.0095455613356048,resistance,True,7.107331741411875e-15,4.3120419916604626e-14,0.011286890648113494,70.79763238750188
132,0.4,160,20,-0.9,25,0,2048,1881,36,0.02483314772006691,0.983895338791313,voltage,True,1.763188003795597e-15,1.4848384805166733e-15,0.003859193422733253,14.204372338658374
132,0.4,160,20,-0.9,25,0,2048,1881,36,0.02483314772006691,0.983895338791313,resistance,True,2.134622614563273e-15,1.687239524919125e-15,0.0002180731362843069,15.242273864309606
132,0.4,160,20,-0.9,25,0,4096,3756,36,0.026155695864269825,0.983279536101918,voltage,True,3.359427884808693e-15,1.7766266596478336e-15,0.0029080284940097996,14.076412836496877
132,0.4,160,20,-0.9,25,0,4096,3756,36,0.026155695864269825,0.983279536101918,resistance,True,2.4521364313115644e-15,1.6582794099044829e-15,0.00016201999296733946,15.24431487173629
133,0.4,160,20,-0.9,25,1,128,114,18,2.7550021008735088e-05,1.160525955532508,voltage,False,0.7527726527090803,0.752772652709135,,
133,0.4,160,20,-0.9,25,1,128,114,18,2.7550021008735088e-05,1.160525955532508,resistance,True,3.3349423523329047e-15,1.741281161588287e-14,0.0497895743699033,196.47917287115183
133,0.4,160,20,-0.9,25,1,512,479,34,0.0011594125884022838,1.2648687677843427,voltage,True,1.4181702927487104e-15,2.305327959762215e-15,0.015093896247081072,19.70133757365271
133,0.4,160,20,-0.9,25,1,512,479,34,0.0011594125884022838,1.2648687677843427,resistance,True,9.7237658482079e-15,4.4459367362731795e-14,0.011212163098111884,88.95426662013202
133,0.4,160,20,-0.9,25,1,2048,1905,36,0.03212420115967181,1.0920477264331803,voltage,True,1.7678563429329109e-15,1.6860218585336448e-15,0.0021083564617148448,13.907797973637084
133,0.4,160,20,-0.9,25,1,2048,1905,36,0.03212420115967181,1.0920477264331803,resistance,True,1.6054513522356912e-15,1.351351898906122e-15,6.262943090145535e-05,11.840735492607951
133,0.4,160,20,-0.9,25,1,4096,3779,36,0.03331492863748652,1.0759644604323853,voltage,True,2.1142355889226272e-15,1.5999599240314345e-15,0.0011742073905108379,12.133137589924797
133,0.4,160,20,-0.9,25,1,4096,3779,36,0.03331492863748652,1.0759644604323853,resistance,True,1.4954444788711845e-15,1.4851374257683996e-15,3.5344588007460145e-05,10.669942185237657
134,0.4,160,20,-0.9,75,0,128,110,18,0.0021608847111268307,1.0867522453989027,voltage,False,0.7527726527090811,0.7527726527090814,,
134,0.4,160,20,-0.9,75,0,128,110,18,0.0021608847111268307,1.0867522453989027,resistance,True,1.8222503566378854e-15,1.5474990168527565e-14,0.17243203176794403,379.1847460474396
134,0.4,160,20,-0.9,75,0,512,473,34,0.008590059269304956,1.007098676549177,voltage,True,1.6041345455980103e-15,1.6163665703463678e-15,0.01357164867320095,13.907750184873974
134,0.4,160,20,-0.9,75,0,512,473,34,0.008590059269304956,1.007098676549177,resistance,True,5.7400462124178766e-15,4.847743827138735e-14,0.011303401038670035,70.86114854072589
134,0.4,160,20,-0.9,75,0,2048,1875,36,0.024576644984968803,0.9816419993482897,voltage,True,2.1110209071445858e-15,1.6276315952668917e-15,0.003779139259560481,14.10129636565785
134,0.4,160,20,-0.9,75,0,2048,1875,36,0.024576644984968803,0.9816419993482897,resistance,True,1.4071523697773978e-15,1.6110764630629463e-15,0.00019466577098352397,14.65071143043475
134,0.4,160,20,-0.9,75,0,4096,3758,36,0.02583975109869497,0.9807081921622548,voltage,True,2.5941372038316754e-15,1.9344266904920918e-15,0.0026728747977472736,13.800252980245386
134,0.4,160,20,-0.9,75,0,4096,3758,36,0.02583975109869497,0.9807081921622548,resistance,True,2.205082123762953e-15,1.5572607001078269e-15,0.0001404792235724554,14.392979135671752
135,0.4,160,20,-0.9,75,1,128,112,18,2.794105665231293e-05,1.1559868368418695,voltage,False,0.7527726527090816,0.7527726527091236,,
135,0.4,160,20,-0.9,75,1,128,112,18,2.794105665231293e-05,1.1559868368418695,resistance,True,1.629572965769231e-15,1.1030963533030141e-14,0.09038511936048658,249.36657739267682
135,0.4,160,20,-0.9,75,1,512,480,34,0.0010384552709131814,1.2669203980649095,voltage,True,1.3747658590306396e-15,2.5676025267532348e-15,0.013428753643170702,19.428454780160244
135,0.4,160,20,-0.9,75,1,512,480,34,0.0010384552709131814,1.2669203980649095,resistance,True,5.985813577426418e-15,5.4325012645841606e-14,0.011220853440969621,89.28354574759427
135,0.4,160,20,-0.9,75,1,2048,1890,36,0.0318265507036281,1.0940990717858001,voltage,True,1.568083879836435e-15,1.7212531356056933e-15,0.0019059012844406028,14.044490694606624
135,0.4,160,20,-0.9,75,1,2048,1890,36,0.0318265507036281,1.0940990717858001,resistance,True,1.316808636526748e-15,1.4149654698751452e-15,6.0096041513431366e-05,11.812047652225514
135,0.4,160,20,-0.9,75,1,4096,3773,36,0.03308655106333871,1.0771171870139127,voltage,True,1.5911645622128138e-15,1.5291580454220666e-15,0.0011428223483788643,12.150896249644004
135,0.4,160,20,-0.9,75,1,4096,3773,36,0.03308655106333871,1.0771171870139127,resistance,True,2.006225137360561e-15,1.0342593894809791e-15,3.468948293590794e-05,10.649390192894543
136,0.4,160,20,0,25,0,128,117,12,5.8754209529220106e-05,1.1124147342631434,voltage,False,0.7817359599705709,0.7817359599705136,,
136,0.4,160,20,0,25,0,128,117,12,5.8754209529220106e-05,1.1124147342631434,resistance,False,0.768706114785806,0.7687061147858771,,
136,0.4,160,20,0,25,0,512,464,24,0.0290655036966388,1.042473339079248,voltage,False,0.74535599249993,0.7453559924999298,,
136,0.4,160,20,0,25,0,512,464,24,0.0290655036966388,1.042473339079248,resistance,True,1.001025289640082e-15,1.8094930400847706e-15,0.001177314261032577,21.039991420630994
136,0.4,160,20,0,25,0,2048,1853,24,0.0432455098491361,1.016470828012578,voltage,False,0.7453559924999302,0.7453559924999302,,
136,0.4,160,20,0,25,0,2048,1853,24,0.0432455098491361,1.016470828012578,resistance,True,1.295088758294884e-15,1.6007474313681859e-15,0.00010700138332406798,12.092351579428529
136,0.4,160,20,0,25,0,4096,3716,24,0.040731895977050486,1.0164181954638087,voltage,False,0.7453559924999298,0.7453559924999296,,
136,0.4,160,20,0,25,0,4096,3716,24,0.040731895977050486,1.0164181954638087,resistance,True,1.8422247911711438e-15,1.551856729965702e-15,7.826952227230786e-05,12.037557800413074
137,0.4,160,20,0,25,1,128,119,12,2.8273758927429386e-05,1.2022471747178831,voltage,False,0.7817359599705731,0.7817359599701418,,
137,0.4,160,20,0,25,1,128,119,12,2.8273758927429386e-05,1.2022471747178831,resistance,False,0.7687061147858034,0.7687061147859249,,
137,0.4,160,20,0,25,1,512,470,24,0.03148946402483569,1.3144054551941182,voltage,False,0.7453559924999299,0.7453559924999296,,
137,0.4,160,20,0,25,1,512,470,24,0.03148946402483569,1.3144054551941182,resistance,True,1.1687729775152612e-15,2.228886886130579e-15,0.0008138774972215416,17.72452038626682
137,0.4,160,20,0,25,1,2048,1879,24,0.061638702451550315,1.12710180844934,voltage,False,0.7453559924999296,0.7453559924999298,,
137,0.4,160,20,0,25,1,2048,1879,24,0.061638702451550315,1.12710180844934,resistance,True,1.4721221793102886e-15,1.6623059138780384e-15,4.850060700638219e-05,10.225734472167016
137,0.4,160,20,0,25,1,4096,3762,24,0.06402700031492486,1.1136233048297102,voltage,False,0.7453559924999295,0.7453559924999298,,
137,0.4,160,20,0,25,1,4096,3762,24,0.06402700031492486,1.1136233048297102,resistance,True,1.4207183911611518e-15,1.0751979724935617e-15,2.796722316748919e-05,9.449796694341702
138,0.4,160,20,0,75,0,128,117,10,0.04196112654104714,1.1151919730172983,voltage,False,0.7905694150420947,0.7905694150420953,,
138,0.4,160,20,0,75,0,128,117,10,0.04196112654104714,1.1151919730172983,resistance,False,0.7745966692414833,0.7745966692414842,,
138,0.4,160,20,0,75,0,512,466,24,0.02886357075648522,1.0436323196554653,voltage,False,0.7453559924999299,0.7453559924999306,,
138,0.4,160,20,0,75,0,512,466,24,0.02886357075648522,1.0436323196554653,resistance,True,1.2116628048946351e-15,1.5928554833263579e-15,0.001340716775906263,22.252828303555575
138,0.4,160,20,0,75,0,2048,1846,24,0.04402557204207493,1.0169478404640515,voltage,False,0.7453559924999298,0.7453559924999303,,
138,0.4,160,20,0,75,0,2048,1846,24,0.04402557204207493,1.0169478404640515,resistance,True,1.3324871011406672e-15,1.3472470825659412e-15,0.00011773283250141504,12.23322051836899
138,0.4,160,20,0,75,0,4096,3699,24,0.04209395873944609,1.0165272129326737,voltage,False,0.7453559924999306,0.7453559924999298,,
138,0.4,160,20,0,75,0,4096,3699,24,0.04209395873944609,1.0165272129326737,resistance,True,1.472203729551502e-15,1.2647123484034131e-15,8.140289665376979e-05,12.16349279233381
139,0.4,160,20,0,75,1,128,119,12,5.690791032383255e-05,1.1964169281682615,voltage,False,0.7817359599705794,0.7817359599706836,,
139,0.4,160,20,0,75,1,128,119,12,5.690791032383255e-05,1.1964169281682615,resistance,False,0.7687061147858085,0.7687061147859872,,
139,0.4,160,20,0,75,1,512,481,24,0.030723092373550812,1.314951111656412,voltage,False,0.7453559924999298,0.7453559924999299,,
139,0.4,160,20,0,75,1,512,481,24,0.030723092373550812,1.314951111656412,resistance,True,1.2092808019476331e-15,2.567047838790065e-15,0.000934996257448601,17.528321861405477
139,0.4,160,20,0,75,1,2048,1908,25,0.013890320524117069,1.1274337936257541,voltage,False,0.7416355331245029,0.7416355331245036,,
139,0.4,160,20,0,75,1,2048,1908,25,0.013890320524117069,1.1274337936257541,resistance,True,1.6708524820465046e-15,1.1925085359230164e-15,5.3682250921546174e-05,10.206317154372494
139,0.4,160,20,0,75,1,4096,3782,25,0.009890342091987638,1.1111279974980293,voltage,False,0.7416355331245035,0.7416355331245033,,
139,0.4,160,20,0,75,1,4096,3782,25,0.009890342091987638,1.1111279974980293,resistance,True,1.9516734123972593e-15,1.3242506764587971e-15,2.9791894886500134e-05,9.432969338743147
140,0.4,160,20,0.9,25,0,128,127,12,0.019889072919428753,1.1554192234305556,voltage,False,0.7817359599705713,0.7817359599705705,,
140,0.4,160,20,0.9,25,0,128,127,12,0.019889072919428753,1.1554192234305556,resistance,False,0.7687061147858076,0.7687061147858072,,
140,0.4,160,20,0.9,25,0,512,480,30,0.005628191262853397,1.0236737919112404,voltage,False,0.7359800721939872,0.735980072193987,,
140,0.4,160,20,0.9,25,0,512,480,30,0.005628191262853397,1.0236737919112404,resistance,True,2.1192523327051585e-15,9.711866699475545e-15,0.0055022280731849265,97.33068258611311
140,0.4,160,20,0.9,25,0,2048,1865,36,0.02298456967507823,0.9923178774286004,voltage,True,2.4301435362073814e-15,2.279912564757578e-15,0.004838044608620004,14.013795219541027
140,0.4,160,20,0.9,25,0,2048,1865,36,0.02298456967507823,0.9923178774286004,resistance,True,2.1338748563391024e-15,1.936794932955434e-15,0.0002673382727907579,14.64096610978356
140,0.4,160,20,0.9,25,0,4096,3719,36,0.024085796339883975,0.9898905036696103,voltage,True,2.758272556910429e-15,2.198124273159613e-15,0.0035703686699664837,13.690764283967942
140,0.4,160,20,0.9,25,0,4096,3719,36,0.024085796339883975,0.9898905036696103,resistance,True,2.787271228879169e-15,2.071917028750753e-15,0.00019248167503609526,14.334690508356047
141,0.4,160,20,0.9,25,1,128,127,12,0.026546319027836805,1.2393124916972726,voltage,False,0.7817359599705718,0.7817359599705707,,
141,0.4,160,20,0.9,25,1,128,127,12,0.026546319027836805,1.2393124916972726,resistance,False,0.7687061147858073,0.7687061147858072,,
141,0.4,160,20,0.9,25,1,512,482,30,0.007221879790412884,1.2794501235627678,voltage,False,0.7359800721939872,0.7359800721939866,,
141,0.4,160,20,0.9,25,1,512,482,30,0.007221879790412884,1.2794501235627678,resistance,True,2.3854390322999233e-15,9.958500210339667e-15,0.003948090930126333,77.19366189179705
141,0.4,160,20,0.9,25,1,2048,1887,36,0.02728205401074967,1.1052637834847026,voltage,True,1.469289604696863e-15,2.1383966428803844e-15,0.0025614290900602224,14.53220444605
141,0.4,160,20,0.9,25,1,2048,1887,36,0.02728205401074967,1.1052637834847026,resistance,True,1.9428996714034105e-15,1.6707276135616108e-15,6.656221409781268e-05,11.676106963649723
141,0.4,160,20,0.9,25,1,4096,3739,36,0.028524195766925553,1.0877075475397413,voltage,True,2.101638241519953e-15,1.8320574777609044e-15,0.0014028912614420879,12.874373059817918
141,0.4,160,20,0.9,25,1,4096,3739,36,0.028524195766925553,1.0877075475397413,resistance,True,1.9487029033742217e-15,1.7401941059065588e-15,3.6719822045576174e-05,10.576401553903745
142,0.4,160,20,0.9,75,0,128,127,12,0.02087089511347363,1.1549599812644091,voltage,False,0.7817359599705713,0.781735959970572,,
142,0.4,160,20,0.9,75,0,128,127,12,0.02087089511347363,1.1549599812644091,resistance,False,0.7687061147858073,0.7687061147858073,,
142,0.4,160,20,0.9,75,0,512,473,30,0.005144639701907537,1.022510552684266,voltage,False,0.7359800721939874,0.7359800721939873,,
142,0.4,160,20,0.9,75,0,512,473,30,0.005144639701907537,1.022510552684266,resistance,True,2.3612208276266425e-15,7.410398846017302e-15,0.007260308905933024,105.89959204374166
142,0.4,160,20,0.9,75,0,2048,1877,36,0.023500436725392718,0.9919270725477217,voltage,True,1.6317781442544371e-15,1.5874407648569309e-15,0.0046497253826822795,13.66122190344608
142,0.4,160,20,0.9,75,0,2048,1877,36,0.023500436725392718,0.9919270725477217,resistance,True,1.4555572444587056e-15,1.6643208174207485e-15,0.0002462089679600496,14.709528714648291
142,0.4,160,20,0.9,75,0,4096,3754,36,0.02458766352096315,0.9903626294681462,voltage,True,2.0123689024473347e-15,1.8863333958219428e-15,0.0030080668116853706,13.356620160498412
142,0.4,160,20,0.9,75,0,4096,3754,36,0.02458766352096315,0.9903626294681462,resistance,True,2.0609706638734316e-15,1.4036214694476055e-15,0.00016076333922780952,14.431499611925465
143,0.4,160,20,0.9,75,1,128,127,12,0.027439795752676334,1.2436678236519332,voltage,False,0.7817359599705714,0.7817359599705707,,
143,0.4,160,20,0.9,75,1,128,127,12,0.027439795752676334,1.2436678236519332,resistance,False,0.7687061147858074,0.7687061147858081,,
143,0.4,160,20,0.9,75,1,512,487,30,0.007852136624975858,1.2820350165896741,voltage,False,0.7359800721939872,0.7359800721939862,,
143,0.4,160,20,0.9,75,1,512,487,30,0.007852136624975858,1.2820350165896741,resistance,True,2.061438331466057e-15,8.896215185842208e-15,0.0037235564340006365,71.30501190601555
143,0.4,160,20,0.9,75,1,2048,1891,36,0.026980449544174234,1.1066452565204408,voltage,True,1.8896339941108587e-15,1.731727332188013e-15,0.0024621385476839746,14.773668216143719
143,0.4,160,20,0.9,75,1,2048,1891,36,0.026980449544174234,1.1066452565204408,resistance,True,1.8859701338039107e-15,1.635255119201612e-15,7.35152356023117e-05,11.589294479830683
143,0.4,160,20,0.9,75,1,4096,3770,36,0.02954117520220207,1.0875140406764892,voltage,True,2.2121129985858917e-15,1.964973796558589e-15,0.0014614946887682926,12.707295664774914
143,0.4,160,20,0.9,75,1,4096,3770,36,0.02954117520220207,1.0875140406764892,resistance,True,1.4403019365184397e-15,1.3911932975702234e-15,3.5221203289309296e-05,10.436611777666213
