device,capture,source_epoch,blocks,median_current_channel,median_Vce_V,I05,I95,affine_intercept_V,affine_slope_per_current_unit,within_waveform_rmse_V,nearest_package_temperature_C,temperature_time_distance_s
2.000000000000000000e+00,1.000000000000000000e+00,3.312986387000000000e+09,1.750000000000000000e+02,6.685486673887999665e+00,1.054687411200000202e+00,6.539066759452800248e+00,6.734565974815999390e+00,8.873519172614854345e-01,2.484056873375273256e-02,3.532017738853006697e-03,3.040412122519542848e+01,1.096744060516357422e+00
2.000000000000000000e+00,2.000000000000000000e+00,3.312986410000000000e+09,3.700000000000000000e+02,5.702898874777599936e+00,1.281500159999999999e+00,5.491805111807998685e+00,5.702898874777599936e+00,1.142837998577194369e+00,2.529674007171711647e-02,1.000473122191166547e-02,6.357607945854179121e+01,6.174421310424804688e-02
2.000000000000000000e+00,3.000000000000000000e+00,3.312986433000000000e+09,3.700000000000000000e+02,5.280711348838400987e+00,1.375250150399999871e+00,5.069617585868799736e+00,5.280711348838400987e+00,1.375250150399988103e+00,2.006907632960138363e-15,1.339947043940739418e-15,8.862100176397969165e+01,6.325578689575195312e-02
2.000000000000000000e+00,4.000000000000000000e+00,3.312986449000000000e+09,3.700000000000000000e+02,5.069617585868799736e+00,1.437750144000000008e+00,4.858523822899198485e+00,5.069617585868799736e+00,1.080378141059859187e+00,6.806168074788133959e-02,1.479101028921919921e-02,9.901456825570767251e+01,4.074382781982421875e-02
2.000000000000000000e+00,5.000000000000000000e+00,3.312986476000000000e+09,3.700000000000000000e+02,5.069617585868799736e+00,1.406500147199999828e+00,4.858523822899198485e+00,5.069617585868799736e+00,1.197797837648222119e+00,4.412536296340561354e-02,1.542369515361835357e-02,9.904694697248581292e+01,9.225606918334960938e-02
2.000000000000000000e+00,6.000000000000000000e+00,3.312986501000000000e+09,3.700000000000000000e+02,5.069617585868799736e+00,1.406500147199999828e+00,4.858523822899198485e+00,5.069617585868799736e+00,1.220487626709006124e+00,3.828581010847015992e-02,1.327060128207090302e-02,9.857745558233679617e+01,9.674406051635742188e-02
2.000000000000000000e+00,7.000000000000000000e+00,3.312986524000000000e+09,3.700000000000000000e+02,5.069617585868799736e+00,1.406500147199999828e+00,5.069617585868799736e+00,5.069617585868799736e+00,1.406500147200065998e+00,-1.267679954551701204e-14,2.192970575306438255e-15,9.712041337961522913e+01,2.067441940307617188e-01
2.000000000000000000e+00,8.000000000000000000e+00,3.312986546000000000e+09,3.700000000000000000e+02,5.702898874777599936e+00,1.750250111999999802e+00,5.702898874777599936e+00,5.913992637747201186e+00,1.544537792190311620e+00,3.461924032080248431e-02,1.165284405775360299e-02,9.647283908776493888e+01,1.744270324707031250e-03
2.000000000000000000e+00,9.000000000000000000e+00,3.312986569000000000e+09,3.740000000000000000e+02,5.280711348838400987e+00,1.844000102399999896e+00,5.280711348838400987e+00,5.280711348838400987e+00,1.773812282873890034e+00,1.390302901485767142e-02,9.406198838684775437e-03,1.190731898985591073e+02,6.974411010742187500e-02
2.000000000000000000e+00,1.000000000000000000e+01,3.312986592000000000e+09,3.730000000000000000e+02,5.069617585868799736e+00,1.906500095999999811e+00,5.069617585868799736e+00,5.069617585868799736e+00,1.842566903772008935e+00,1.315897473357300479e-02,1.087304426851925902e-02,1.323808550008601514e+02,1.422557830810546875e-01
2.000000000000000000e+00,1.100000000000000000e+01,3.312986615000000000e+09,3.720000000000000000e+02,5.491805111807998685e+00,2.281500057599999742e+00,5.491805111807998685e+00,5.491805111807998685e+00,2.157295865760615161e+00,2.280921761037563167e-02,5.890436290786143191e-03,1.392127734923064111e+02,1.172561645507812500e-01
2.000000000000000000e+00,1.200000000000000000e+01,3.312986637000000000e+09,3.720000000000000000e+02,5.491805111807998685e+00,2.281500057599999742e+00,5.491805111807998685e+00,5.491805111807998685e+00,1.893838519200303550e+00,7.341085561985398467e-02,1.547676805353205738e-02,1.387918495456912922e+02,4.744052886962890625e-03
2.000000000000000000e+00,1.300000000000000000e+01,3.312986660000000000e+09,3.720000000000000000e+02,5.491805111807998685e+00,2.281500057599999742e+00,5.491805111807998685e+00,5.491805111807998685e+00,1.921344965328792176e+00,6.820200319232280761e-02,1.551373337006565871e-02,1.381442742584355301e+02,1.102557182312011719e-01
2.000000000000000000e+00,1.400000000000000000e+01,3.312986683000000000e+09,3.720000000000000000e+02,5.491805111807998685e+00,2.281500057599999742e+00,5.491805111807998685e+00,5.702898874777599936e+00,2.161018843933570022e+00,2.207108120150516606e-02,5.601274370684040591e-03,1.375452671340884763e+02,2.174425125122070312e-02
2.000000000000000000e+00,1.500000000000000000e+01,3.312986705000000000e+09,3.720000000000000000e+02,6.125086400716798885e+00,2.687750015999999853e+00,6.125086400716798885e+00,6.125086400716798885e+00,2.176608780764640372e+00,8.231986436062048440e-02,1.285391534090752491e-02,1.377719184765913099e+02,8.525609970092773438e-02
2.000000000000000000e+00,1.600000000000000000e+01,3.312986728000000000e+09,3.720000000000000000e+02,5.491805111807998685e+00,2.812750003199999682e+00,5.280711348838400987e+00,5.491805111807998685e+00,2.468126491106401144e+00,6.207283542197835485e-02,1.063268395219045016e-02,1.730971790695419941e+02,1.682558059692382812e-01
2.000000000000000000e+00,1.700000000000000000e+01,3.312986750000000000e+09,3.720000000000000000e+02,5.491805111807998685e+00,2.781500006399999947e+00,5.491805111807998685e+00,5.491805111807998685e+00,2.612761962446352726e+00,3.195365790837392805e-02,1.275241562009211439e-02,1.719477309894157031e+02,6.074428558349609375e-02
2.000000000000000000e+00,1.800000000000000000e+01,3.312986773000000000e+09,3.720000000000000000e+02,5.702898874777599936e+00,2.750250009599999768e+00,5.491805111807998685e+00,5.702898874777599936e+00,2.265622539147061243e+00,8.848770989814468135e-02,1.334691333391588297e-02,1.713487228639541513e+02,1.744270324707031250e-03
2.000000000000000000e+00,1.900000000000000000e+01,3.312986796000000000e+09,3.720000000000000000e+02,5.702898874777599936e+00,2.750250009599999768e+00,5.702898874777599936e+00,5.702898874777599936e+00,2.240633549176672457e+00,8.710550609211890893e-02,1.517075371286635659e-02,1.731133684796451462e+02,1.197438240051269531e-01
2.000000000000000000e+00,2.000000000000000000e+01,3.312986809000000000e+09,3.720000000000000000e+02,5.491805111807998685e+00,2.812750003199999682e+00,5.280711348838400987e+00,5.491805111807998685e+00,2.700704047554284504e+00,2.153350318005725975e-02,1.137757611751588453e-02,1.777273509590544904e+02,6.774425506591796875e-02
2.000000000000000000e+00,2.100000000000000000e+01,3.312986841000000000e+09,3.720000000000000000e+02,5.280711348838400987e+00,2.843999999999999861e+00,5.280711348838400987e+00,5.280711348838400987e+00,2.442037088375458520e+00,7.401923287637955651e-02,1.427844155624970884e-02,1.826165547759175922e+02,8.574390411376953125e-02
2.000000000000000000e+00,2.200000000000000000e+01,3.312986864000000000e+09,3.720000000000000000e+02,5.069617585868799736e+00,2.875249996800000041e+00,5.069617585868799736e+00,5.069617585868799736e+00,2.783600614589293087e+00,1.886362721506757920e-02,1.026500343534552696e-02,1.983202986055236465e+02,5.574417114257812500e-02
2.000000000000000000e+00,2.300000000000000000e+01,3.312986887000000000e+09,3.720000000000000000e+02,5.069617585868799736e+00,2.906499993599999776e+00,5.069617585868799736e+00,5.069617585868799736e+00,2.521340011130889902e+00,7.455830852198083725e-02,1.317269498880060952e-02,2.055407881143827353e+02,2.447438240051269531e-01
2.000000000000000000e+00,2.400000000000000000e+01,3.312986909000000000e+09,3.720000000000000000e+02,5.069617585868799736e+00,2.906499993599999776e+00,4.858523822899198485e+00,5.069617585868799736e+00,2.903317478500159421e+00,6.550374590821384305e-04,1.616648288230638185e-03,2.093938758574417136e+02,5.256175994873046875e-03
2.000000000000000000e+00,2.500000000000000000e+01,3.312986932000000000e+09,3.720000000000000000e+02,5.280711348838400987e+00,3.343999948799999622e+00,5.280711348838400987e+00,5.280711348838400987e+00,3.003160738802538976e+00,6.210669948932099477e-02,1.521103692900613834e-02,2.130203123011932576e+02,1.825618743896484375e-02
2.000000000000000000e+00,2.600000000000000000e+01,3.312986955000000000e+09,3.720000000000000000e+02,5.491805111807998685e+00,3.312749951999999887e+00,5.280711348838400987e+00,5.491805111807998685e+00,3.184992793100733799e+00,2.292903471639663390e-02,8.662386885922660970e-03,2.090700869329280636e+02,5.474424362182617188e-02
2.000000000000000000e+00,2.700000000000000000e+01,3.312986978000000000e+09,3.720000000000000000e+02,5.491805111807998685e+00,3.265874956799999840e+00,5.491805111807998685e+00,5.702898874777599936e+00,3.321653524042777583e+00,-1.012321861397767232e-02,1.561350520359363302e-02,2.130041228507747348e+02,2.017440795898437500e-01
2.000000000000000000e+00,2.800000000000000000e+01,3.312986996000000000e+09,3.720000000000000000e+02,5.069617585868799736e+00,3.343999948799999622e+00,5.069617585868799736e+00,5.280711348838400987e+00,3.217163786691012550e+00,2.623191150423861279e-02,1.337595343963738324e-02,2.187675683557872901e+02,1.162557601928710938e-01
2.000000000000000000e+00,2.900000000000000000e+01,3.312987023000000000e+09,3.720000000000000000e+02,5.280711348838400987e+00,3.343999948799999622e+00,5.069617585868799736e+00,5.280711348838400987e+00,3.264481866366916840e+00,1.597875503363340929e-02,9.751379368163358430e-03,2.179095271634475637e+02,5.774402618408203125e-02
2.000000000000000000e+00,3.000000000000000000e+01,3.312987046000000000e+09,3.720000000000000000e+02,5.069617585868799736e+00,3.375249945599999801e+00,4.858523822899198485e+00,5.069617585868799736e+00,3.270403238229038223e+00,2.157995127590093057e-02,1.058888568004876483e-02,2.327876452194293506e+02,5.256175994873046875e-03
2.000000000000000000e+00,3.100000000000000000e+01,3.312987069000000000e+09,3.720000000000000000e+02,5.491805111807998685e+00,3.312749951999999887e+00,5.280711348838400987e+00,5.491805111807998685e+00,3.218483833330796351e+00,1.703276304498218749e-02,6.164991411772032144e-03,2.379520883259172024e+02,2.172560691833496094e-01
2.000000000000000000e+00,3.200000000000000000e+01,3.312987092000000000e+09,3.720000000000000000e+02,5.069617585868799736e+00,3.375249945599999801e+00,4.858523822899198485e+00,5.069617585868799736e+00,3.282775149698841322e+00,1.903351702533880030e-02,1.014613558645418093e-02,2.329171610090899094e+02,3.274393081665039062e-02
2.000000000000000000e+00,3.300000000000000000e+01,3.312987114000000000e+09,3.720000000000000000e+02,5.280711348838400987e+00,3.328374950399999754e+00,5.280711348838400987e+00,5.280711348838400987e+00,2.922826197413400884e+00,7.691383974867692375e-02,1.531643490543047395e-02,2.344065926818605590e+02,3.725576400756835938e-02
2.000000000000000000e+00,3.400000000000000000e+01,3.312987137000000000e+09,3.720000000000000000e+02,5.069617585868799736e+00,3.375249945599999801e+00,4.858523822899198485e+00,5.069617585868799736e+00,3.168874690858328957e+00,4.247694613927560647e-02,1.375006411255951314e-02,2.342608874020644976e+02,6.774425506591796875e-02
2.000000000000000000e+00,3.500000000000000000e+01,3.312987160000000000e+09,3.720000000000000000e+02,5.280711348838400987e+00,3.343999948799999622e+00,5.185719155502080291e+00,5.280711348838400987e+00,3.300582778907365622e+00,7.917294333909200704e-03,7.037085038209193837e-03,2.296792666475326996e+02,1.252560615539550781e-01
2.000000000000000000e+00,3.600000000000000000e+01,3.312987183000000000e+09,3.720000000000000000e+02,5.069617585868799736e+00,3.375249945599999801e+00,4.858523822899198485e+00,5.069617585868799736e+00,3.115748387657445218e+00,5.341160554147647566e-02,1.459823313409456223e-02,2.361226772106582530e+02,1.697440147399902344e-01
2.000000000000000000e+00,3.700000000000000000e+01,3.312987206000000000e+09,3.720000000000000000e+02,5.069617585868799736e+00,3.343999948799999622e+00,5.069617585868799736e+00,5.280711348838400987e+00,3.310423998560225733e+00,9.317106236188386903e-03,1.552953988537450827e-02,2.273965515945525055e+02,1.137442588806152344e-01
2.000000000000000000e+00,3.800000000000000000e+01,3.312987228000000000e+09,3.720000000000000000e+02,5.069617585868799736e+00,3.406499942399999981e+00,4.858523822899198485e+00,5.069617585868799736e+00,3.016786921831548618e+00,7.461555775494420339e-02,1.423249806590728798e-02,2.375797302903272623e+02,5.225610733032226562e-02
2.000000000000000000e+00,3.900000000000000000e+01,3.312987251000000000e+09,3.720000000000000000e+02,5.491805111807998685e+00,3.781499903999999912e+00,5.491805111807998685e+00,5.491805111807998685e+00,3.078368844602682231e+00,1.272330597553042453e-01,1.241273722957077913e-02,2.289345510556988756e+02,4.974412918090820312e-02
2.000000000000000000e+00,4.000000000000000000e+01,3.312987274000000000e+09,3.720000000000000000e+02,5.702898874777599936e+00,3.750249907199999733e+00,5.491805111807998685e+00,5.702898874777599936e+00,3.460300461237524772e+00,5.352316793327036026e-02,1.448601492725502468e-02,2.276879620052883695e+02,1.192560195922851562e-01
2.000000000000000000e+00,4.100000000000000000e+01,3.312987297000000000e+09,3.720000000000000000e+02,5.913992637747201186e+00,3.718999910399999997e+00,5.702898874777599936e+00,5.913992637747201186e+00,3.645816288930184168e+00,1.047902222441165869e-02,1.518279648830881540e-02,2.314924873926710518e+02,2.874422073364257812e-02
2.000000000000000000e+00,4.200000000000000000e+01,3.312987319000000000e+09,3.720000000000000000e+02,5.702898874777599936e+00,3.750249907199999733e+00,5.491805111807998685e+00,5.702898874777599936e+00,3.492398400537557457e+00,4.444831946887493890e-02,1.201940364866012009e-02,2.417889956701611140e+02,6.525611877441406250e-02
2.000000000000000000e+00,4.300000000000000000e+01,3.312987342000000000e+09,3.720000000000000000e+02,5.069617585868799736e+00,3.875249894399999562e+00,5.069617585868799736e+00,5.069617585868799736e+00,3.875249894399996009e+00,2.010561322468714353e-16,2.664535259100375697e-15,2.535587567494764585e+02,2.560615539550781250e-04
2.000000000000000000e+00,4.400000000000000000e+01,3.312987365000000000e+09,3.720000000000000000e+02,5.069617585868799736e+00,3.875249894399999562e+00,5.069617585868799736e+00,5.069617585868799736e+00,3.857066648014824572e+00,3.742545482532608388e-03,4.798875693042200206e-03,2.478924329602440082e+02,7.525587081909179688e-02
2.000000000000000000e+00,4.500000000000000000e+01,3.312987388000000000e+09,3.720000000000000000e+02,5.069617585868799736e+00,3.906499891199999741e+00,4.858523822899198485e+00,5.069617585868799736e+00,3.732232620664907685e+00,3.307711498945547363e-02,1.396116480708958600e-02,2.505798890582033778e+02,3.974390029907226562e-02
2.000000000000000000e+00,4.600000000000000000e+01,3.312987408000000000e+09,3.720000000000000000e+02,4.647430059929600787e+00,3.968999884799999656e+00,4.647430059929600787e+00,4.647430059929600787e+00,3.968999884800012978e+00,-1.358647353695583568e-15,7.103114016384683239e-15,2.597593369754536070e+02,4.174423217773437500e-02
2.000000000000000000e+00,4.700000000000000000e+01,3.312987433000000000e+09,3.720000000000000000e+02,4.436336296959999537e+00,4.031499878400000014e+00,4.436336296959999537e+00,4.436336296959999537e+00,4.033213572707173178e+00,-4.055848376503863486e-04,1.618015832266756155e-03,2.572175843774519421e+02,6.674385070800781250e-02
2.000000000000000000e+00,4.800000000000000000e+01,3.312987456000000000e+09,3.720000000000000000e+02,4.436336296959999537e+00,4.031499878400000014e+00,4.436336296959999537e+00,4.436336296959999537e+00,4.031499878399793957e+00,4.603181110862829497e-14,2.134252925382081413e-15,2.535587567494764585e+02,8.374404907226562500e-02
2.000000000000000000e+00,4.900000000000000000e+01,3.312987479000000000e+09,3.720000000000000000e+02,4.647430059929600787e+00,3.968999884799999656e+00,4.647430059929600787e+00,4.647430059929600787e+00,3.958204020379023635e+00,2.433509025994617415e-03,3.935998502441892359e-03,2.508712999958038097e+02,1.274394989013671875e-02
2.000000000000000000e+00,5.000000000000000000e+01,3.312987497000000000e+09,3.720000000000000000e+02,4.647430059929600787e+00,4.000249881600000279e+00,4.552437866593280091e+00,4.647430059929600787e+00,3.587326635103325057e+00,8.751640326669184178e-02,1.247444282978107596e-02,2.584156078269467116e+02,1.874399185180664062e-02
2.000000000000000000e+00,5.100000000000000000e+01,3.312987525000000000e+09,3.720000000000000000e+02,4.647430059929600787e+00,4.000249881600000279e+00,4.647430059929600787e+00,4.647430059929600787e+00,3.576775134584698979e+00,8.841186149122209903e-02,1.507753995319477229e-02,2.566995202204955149e+02,9.974384307861328125e-02
2.000000000000000000e+00,5.200000000000000000e+01,3.312987548000000000e+09,3.740000000000000000e+02,4.858523822899198485e+00,4.437749836800000125e+00,4.647430059929600787e+00,4.858523822899198485e+00,4.406813469801002192e+00,6.010108652353217569e-03,8.428291827716018203e-03,2.669798601076665818e+02,3.274393081665039062e-02
2.000000000000000000e+00,5.300000000000000000e+01,3.312987570000000000e+09,3.730000000000000000e+02,4.858523822899198485e+00,4.406499839999999502e+00,4.858523822899198485e+00,5.069617585868799736e+00,4.398526340854480132e+00,1.571465516006856139e-03,2.787348311051217591e-03,2.720309910988171964e+02,1.974391937255859375e-02
2.000000000000000000e+00,5.400000000000000000e+01,3.312987591000000000e+09,3.720000000000000000e+02,4.647430059929600787e+00,4.468999833599999860e+00,4.647430059929600787e+00,4.647430059929600787e+00,4.477874812234668767e+00,-2.000519807472386346e-03,3.598397029925299792e-03,2.799314826093653323e+02,1.422557830810546875e-01
2.000000000000000000e+00,5.500000000000000000e+01,3.312987616000000000e+09,3.730000000000000000e+02,4.647430059929600787e+00,4.437749836800000125e+00,4.647430059929600787e+00,4.647430059929600787e+00,4.622450665106530465e+00,-3.640783405708799408e-02,1.560352775570746260e-02,2.762564581918937847e+02,1.402559280395507812e-01
2.000000000000000000e+00,5.600000000000000000e+01,3.312987639000000000e+09,3.720000000000000000e+02,4.647430059929600787e+00,4.437749836800000125e+00,4.647430059929600787e+00,4.858523822899198485e+00,4.459257011729853559e+00,-6.771687065684916032e-03,1.468810728269124774e-02,2.711567567273272061e+02,1.227440834045410156e-01
2.000000000000000000e+00,5.700000000000000000e+01,3.312987662000000000e+09,3.730000000000000000e+02,4.858523822899198485e+00,4.406499839999999502e+00,4.858523822899198485e+00,4.858523822899198485e+00,4.406499839999958645e+00,8.770219677075673701e-15,1.749967897645059983e-15,2.687445177944066472e+02,2.574396133422851562e-02
2.000000000000000000e+00,5.800000000000000000e+01,3.312987684000000000e+09,3.730000000000000000e+02,5.069617585868799736e+00,4.375249843199999766e+00,5.069617585868799736e+00,5.069617585868799736e+00,4.373246365727712082e+00,4.123634143461287057e-04,1.615808358317864790e-03,2.767745232335846026e+02,7.925605773925781250e-02
2.000000000000000000e+00,5.900000000000000000e+01,3.312987705000000000e+09,3.730000000000000000e+02,4.647430059929600787e+00,4.468999833599999860e+00,4.647430059929600787e+00,4.647430059929600787e+00,4.095175661501892606e+00,7.722006456833846455e-02,1.554747928895278478e-02,2.782801498993738960e+02,1.482558250427246094e-01
2.000000000000000000e+00,6.000000000000000000e+01,3.312987730000000000e+09,3.220000000000000000e+02,4.647430059929600787e+00,4.468999833599999860e+00,4.436336296959999537e+00,4.647430059929600787e+00,4.541123388735707422e+00,-1.547478114228729301e-02,3.378956549771355410e-03,2.749774852241708913e+02,5.425596237182617188e-02
2.000000000000000000e+00,6.100000000000000000e+01,3.312987753000000000e+09,3.560000000000000000e+02,4.647430059929600787e+00,4.437749836800000125e+00,4.647430059929600787e+00,4.647430059929600787e+00,4.383644690130277688e+00,1.328012676723111345e-02,1.342630958877339895e-02,2.686797597093269587e+02,1.792559623718261719e-01
2.000000000000000000e+00,6.200000000000000000e+01,3.312987776000000000e+09,2.300000000000000000e+01,4.647430059929600787e+00,4.437749836800000125e+00,4.647430059929600787e+00,4.647430059929600787e+00,1.963727233883338086e-01,9.126284976251829439e-01,8.881784197001252323e-16,2.657008881930097459e+02,6.974411010742187500e-02
2.000000000000000000e+00,6.300000000000000000e+01,3.312987792000000000e+09,2.990000000000000000e+02,4.436336296959999537e+00,4.531499827199999331e+00,4.436336296959999537e+00,4.436336296959999537e+00,4.874250805912339501e+00,-8.035959790495551813e-02,1.514206334995126489e-02,2.772602092322818521e+02,7.374382019042968750e-02
2.000000000000000000e+00,6.400000000000000000e+01,3.312987822000000000e+09,3.610000000000000000e+02,4.777463407872000190e+00,4.468749849599999990e+00,4.566369644902398939e+00,4.777463407872000190e+00,4.362333201831959606e+00,2.529125683311558501e-02,1.499552565165122864e-02,2.743622830897113545e+02,1.917438507080078125e-01
2.000000000000000000e+00,6.500000000000000000e+01,3.312987845000000000e+09,3.720000000000000000e+02,4.988556963327998695e+00,4.437499852800000255e+00,4.777463200358399220e+00,4.988556963327998695e+00,4.360937275098261345e+00,1.393531724480268248e-02,1.346987023939636742e-02,2.663646584093963270e+02,1.374387741088867188e-02
2.000000000000000000e+00,6.600000000000000000e+01,3.312987867000000000e+09,3.680000000000000000e+02,4.566369437388799746e+00,4.499999846399999726e+00,4.566369437388799746e+00,4.566369437388799746e+00,4.501964425073243348e+00,-4.112179604230737696e-04,1.626754593662237212e-03,2.792353325149208558e+02,8.574390411376953125e-02
2.000000000000000000e+00,6.700000000000000000e+01,3.312987890000000000e+09,3.680000000000000000e+02,4.777463200358399220e+00,4.499999846399999726e+00,4.566369437388799746e+00,4.777463200358399220e+00,4.447340975500321925e+00,9.604140773320630348e-03,1.334488499727386028e-02,2.710919986284384890e+02,8.925580978393554688e-02
2.000000000000000000e+00,6.800000000000000000e+01,3.312987913000000000e+09,3.700000000000000000e+02,4.777463200358399220e+00,4.437499852800000255e+00,4.777463200358399220e+00,4.988556963327998695e+00,4.464576438217279453e+00,-7.237436103470558380e-03,1.344843898033585769e-02,2.713834100763713764e+02,2.325582504272460938e-02
2.000000000000000000e+00,7.100000000000000000e+01,3.312987981000000000e+09,3.740000000000000000e+02,4.566369437388799746e+00,4.499999846399999726e+00,4.566369437388799746e+00,4.777463200358399220e+00,4.484480290736695629e+00,3.248492978899679591e-03,4.228099038284819679e-03,2.749612956938801744e+02,8.074426651000976562e-02
2.000000000000000000e+00,7.300000000000000000e+01,3.312988027000000000e+09,1.950000000000000000e+02,4.566369437388799746e+00,4.499999846399999726e+00,4.566369437388799746e+00,4.777463200358399220e+00,4.499999846400017489e+00,-2.759116385679333894e-15,5.085518790608329369e-15,2.727757093208352330e+02,1.025581359863281250e-02
2.000000000000000000e+00,7.500000000000000000e+01,3.312988073000000000e+09,4.100000000000000000e+01,4.566369437388799746e+00,4.499999846399999726e+00,4.566369437388799746e+00,4.777463200358399220e+00,4.499999846399999726e+00,-4.768691065898861044e-16,2.144407112033998760e-15,2.698454052973007151e+02,6.725597381591796875e-02
2.000000000000000000e+00,7.800000000000000000e+01,3.312988139000000000e+09,1.080000000000000000e+02,4.566369437388799746e+00,4.499999846399999726e+00,4.566369437388799746e+00,4.566369437388799746e+00,2.061054869948459600e-01,9.411537966913999798e-01,1.016856573582523848e-02,2.791705743688577286e+02,9.174394607543945312e-02
2.000000000000000000e+00,7.900000000000000000e+01,3.312988164000000000e+09,3.670000000000000000e+02,4.777463200358399220e+00,4.499999846399999726e+00,4.777463200358399220e+00,4.777463200358399220e+00,4.034042711059763420e+00,9.519754029994065281e-02,1.468343934431129948e-02,2.705415548029100705e+02,3.174400329589843750e-02
2.000000000000000000e+00,8.000000000000000000e+01,3.312988187000000000e+09,3.550000000000000000e+02,4.988556963327998695e+00,4.437499852800000255e+00,4.777463200358399220e+00,4.988556963327998695e+00,4.344628020216376285e+00,1.840676084244469504e-02,6.887267657467327844e-03,2.772278301650354706e+02,1.425600051879882812e-02
2.000000000000000000e+00,8.100000000000000000e+01,3.312988210000000000e+09,3.710000000000000000e+02,4.777463200358399220e+00,4.499999846399999726e+00,4.566369437388799746e+00,4.777463200358399220e+00,4.251058607855822125e+00,5.118695291808971620e-02,1.142964770849599562e-02,2.755279292681197489e+02,9.774398803710937500e-02
2.000000000000000000e+00,8.200000000000000000e+01,3.312988233000000000e+09,1.180000000000000000e+02,4.777463200358399220e+00,4.468749849599999990e+00,4.777463200358399220e+00,4.777463200358399220e+00,1.875722315799096263e-01,8.961194337821214440e-01,0.000000000000000000e+00,2.683074007272757626e+02,1.925611495971679688e-02
2.000000000000000000e+00,8.300000000000000000e+01,3.312988256000000000e+09,3.700000000000000000e+02,4.777463200358399220e+00,4.499999846399999726e+00,4.566369437388799746e+00,4.777463200358399220e+00,4.283142998113274480e+00,4.490055567875108483e-02,9.165136891366117144e-03,2.764831116446405872e+02,1.372561454772949219e-01
2.000000000000000000e+00,8.400000000000000000e+01,3.312988279000000000e+09,3.650000000000000000e+02,4.777463200358399220e+00,4.468749849599999990e+00,4.777463200358399220e+00,4.777463200358399220e+00,3.801266134614958325e+00,1.393303207085345163e-01,7.271913813271906925e-03,2.674817352018056340e+02,2.062559127807617188e-01
2.000000000000000000e+00,8.500000000000000000e+01,3.312988302000000000e+09,3.650000000000000000e+02,4.566369437388799746e+00,4.499999846399999726e+00,4.566369437388799746e+00,4.566369437388799746e+00,2.059725268395437292e-01,9.405466515018352514e-01,5.101187528928105390e-03,2.776325685124661504e+02,2.027440071105957031e-01
2.000000000000000000e+00,8.600000000000000000e+01,3.312988325000000000e+09,3.700000000000000000e+02,4.777463200358399220e+00,4.468749849599999990e+00,4.777463200358399220e+00,4.777463200358399220e+00,3.875728391106826098e+00,1.230236557501242778e-01,1.156700861624199508e-02,2.674007876044859131e+02,1.817440986633300781e-01
2.000000000000000000e+00,8.800000000000000000e+01,3.312988370000000000e+09,3.720000000000000000e+02,4.777463200358399220e+00,4.468749849599999990e+00,4.777463200358399220e+00,4.777463200358399220e+00,3.956218436224688162e+00,1.053969511609466753e-01,1.407531672585956260e-02,2.659437309506520251e+02,3.674411773681640625e-02
2.000000000000000000e+00,8.900000000000000000e+01,3.312988393000000000e+09,2.660000000000000000e+02,4.566369437388799746e+00,4.499999846399999726e+00,4.566369437388799746e+00,4.777463200358399220e+00,4.499999846399987291e+00,1.874709661554611843e-15,3.552713678800500929e-15,2.759326675531802948e+02,3.925609588623046875e-02
2.000000000000000000e+00,9.000000000000000000e+01,3.312988416000000000e+09,3.580000000000000000e+02,4.566369437388799746e+00,4.531249843199999461e+00,4.566369437388799746e+00,4.566369437388799746e+00,4.055922467217536465e+00,1.019630931265201046e-01,1.424474091695435152e-02,2.796886395481175782e+02,9.474420547485351562e-02
2.000000000000000000e+00,9.200000000000000000e+01,3.312988462000000000e+09,3.590000000000000000e+02,4.566369437388799746e+00,4.499999846399999726e+00,4.566369437388799746e+00,4.566369437388799746e+00,4.553299719970033799e+00,-1.115652205673277678e-02,8.086772413285061439e-03,2.709301033828457435e+02,7.674407958984375000e-02
2.000000000000000000e+00,9.300000000000000000e+01,3.312988485000000000e+09,3.740000000000000000e+02,4.566369437388799746e+00,4.499999846399999726e+00,4.566369437388799746e+00,4.777463200358399220e+00,4.541955255354261034e+00,-8.781942883641985151e-03,7.181981948469931543e-03,2.757869617688530184e+02,1.674413681030273438e-02
2.000000000000000000e+00,9.400000000000000000e+01,3.312988508000000000e+09,3.760000000000000000e+02,4.566369437388799746e+00,4.515624844799999593e+00,4.566369437388799746e+00,4.566369437388799746e+00,2.066483925130204180e-01,9.436329038569820638e-01,1.562499839999986762e-02,2.798829139966829302e+02,9.255886077880859375e-03
2.000000000000000000e+00,9.500000000000000000e+01,3.312988531000000000e+09,3.760000000000000000e+02,4.566369437388799746e+00,4.499999846399999726e+00,4.566369437388799746e+00,4.777463200358399220e+00,4.486718187763896637e+00,2.780065084562185346e-03,3.192782921830954364e-03,2.696511310243141679e+02,8.874416351318359375e-02
2.000000000000000000e+00,9.600000000000000000e+01,3.312988554000000000e+09,3.740000000000000000e+02,4.566369437388799746e+00,4.531249843199999461e+00,4.566369437388799746e+00,4.566369437388799746e+00,4.039963201006279370e+00,1.056274458344305528e-01,1.405297294472078636e-02,2.772925882996234463e+02,3.174400329589843750e-02
2.000000000000000000e+00,1.030000000000000000e+02,3.312988703000000000e+09,2.820000000000000000e+02,4.566369437388799746e+00,4.531249843199999461e+00,4.566369437388799746e+00,4.566369437388799746e+00,2.073634388052526811e-01,9.468980693921460468e-01,7.993605777301127091e-15,2.780049278052688919e+02,8.725595474243164062e-02
2.000000000000000000e+00,1.040000000000000000e+02,3.312988703000000000e+09,2.820000000000000000e+02,4.566369437388799746e+00,4.531249843199999461e+00,4.566369437388799746e+00,4.566369437388799746e+00,2.073634388052526811e-01,9.468980693921460468e-01,7.993605777301127091e-15,2.780049278052688919e+02,8.725595474243164062e-02
2.000000000000000000e+00,1.050000000000000000e+02,3.312988703000000000e+09,2.820000000000000000e+02,4.566369437388799746e+00,4.531249843199999461e+00,4.566369437388799746e+00,4.566369437388799746e+00,2.073634388052526811e-01,9.468980693921460468e-01,7.993605777301127091e-15,2.780049278052688919e+02,8.725595474243164062e-02
2.000000000000000000e+00,1.060000000000000000e+02,3.312988703000000000e+09,2.820000000000000000e+02,4.566369437388799746e+00,4.531249843199999461e+00,4.566369437388799746e+00,4.566369437388799746e+00,2.073634388052526811e-01,9.468980693921460468e-01,7.993605777301127091e-15,2.780049278052688919e+02,8.725595474243164062e-02
2.000000000000000000e+00,1.070000000000000000e+02,3.312988797000000000e+09,3.700000000000000000e+02,7.310588355993598242e+00,3.906249907199999871e+00,7.099494593024000544e+00,7.310588355993598242e+00,3.740847322106605866e+00,2.271443651931012719e-02,1.501483602960044725e-02,9.839937264300294828e+01,7.743835449218750000e-03
2.000000000000000000e+00,1.080000000000000000e+02,3.312988826000000000e+09,3.600000000000000000e+02,6.677307067084799819e+00,4.062499891199999880e+00,6.466213304115198568e+00,6.677307067084799819e+00,3.645952843811585353e+00,6.170342774233326943e-02,1.392476694751055427e-02,9.862602365686802841e+01,2.825593948364257812e-02
2.000000000000000000e+00,1.090000000000000000e+02,3.312988826000000000e+09,3.600000000000000000e+02,6.677307067084799819e+00,4.062499891199999880e+00,6.466213304115198568e+00,6.677307067084799819e+00,3.645952843811585353e+00,6.170342774233326943e-02,1.392476694751055427e-02,9.862602365686802841e+01,2.825593948364257812e-02
2.000000000000000000e+00,1.100000000000000000e+02,3.312988862000000000e+09,3.710000000000000000e+02,3.721994385510400072e+00,1.750000127999999933e+00,3.510900622540800597e+00,3.721994385510400072e+00,1.715917756554331985e+00,9.157018500174593859e-03,3.849226584973980576e-03,9.933835542493410742e+01,1.574420928955078125e-02
3.000000000000000000e+00,1.000000000000000000e+00,3.313004636000000000e+09,1.780000000000000000e+02,6.773420421384000356e+00,1.035156160000000103e+00,6.600006891438400025e+00,6.825771675707200892e+00,6.016037567492772409e-01,6.414705505897994042e-02,3.243097092311326025e-03,2.784620595597420234e+01,7.203421592712402344e-01
3.000000000000000000e+00,2.000000000000000000e+00,3.313004659000000000e+09,3.720000000000000000e+02,5.680945111807998771e+00,1.281250163199999959e+00,5.585952918471679851e+00,5.680945111807998771e+00,1.281250163200056802e+00,-9.580445241430506731e-15,2.582312885660133617e-15,6.007918120750120039e+01,7.665777206420898438e-02
3.000000000000000000e+00,3.000000000000000000e+00,3.313004682000000000e+09,3.730000000000000000e+02,5.258757585868799822e+00,1.375000153600000052e+00,5.258757585868799822e+00,5.258757585868799822e+00,1.313759431961639246e+00,1.144460126477154886e-02,5.916925256720479906e-03,8.531837378952165807e+01,4.765796661376953125e-02
3.000000000000000000e+00,4.000000000000000000e+00,3.313004705000000000e+09,3.720000000000000000e+02,5.047663822899198571e+00,1.406250150400000010e+00,4.836570059929600873e+00,5.047663822899198571e+00,1.406250150399972254e+00,4.810300629783033248e-15,3.707803906347293279e-15,9.938692350059538683e+01,1.465797424316406250e-02
3.000000000000000000e+00,5.000000000000000000e+00,3.313004728000000000e+09,3.720000000000000000e+02,5.047663822899198571e+00,1.406250150400000010e+00,5.047663822899198571e+00,5.047663822899198571e+00,1.406250150399916521e+00,1.597502170520718750e-14,3.130419966775322888e-15,9.682900494673393155e+01,5.434226989746093750e-02
3.000000000000000000e+00,6.000000000000000000e+00,3.313004751000000000e+09,3.720000000000000000e+02,5.047663822899198571e+00,1.406250150400000010e+00,5.047663822899198571e+00,5.047663822899198571e+00,1.254721269024778207e+00,2.897041722179275955e-02,1.177436753028956659e-02,9.490247148162001167e+01,1.634216308593750000e-02
3.000000000000000000e+00,7.000000000000000000e+00,3.313004774000000000e+09,3.720000000000000000e+02,5.258757585868799822e+00,1.375000153600000052e+00,5.047663822899198571e+00,5.258757585868799822e+00,1.377223184205496054e+00,-4.411312739326171922e-04,1.617726219157205507e-03,9.622999873154016370e+01,8.534193038940429688e-02
3.000000000000000000e+00,8.000000000000000000e+00,3.313004788000000000e+09,3.720000000000000000e+02,5.047663822899198571e+00,1.406250150400000010e+00,4.836570059929600873e+00,5.047663822899198571e+00,1.390961928097252720e+00,3.160963681557018429e-03,3.926153900536076199e-03,9.899837889733062468e+01,2.306580543518066406e-01
3.000000000000000000e+00,9.000000000000000000e+00,3.313004820000000000e+09,3.720000000000000000e+02,4.836570059929600873e+00,1.437500147199999967e+00,4.836570059929600873e+00,5.047663822899198571e+00,1.307688670491143457e+00,2.545238354835820463e-02,1.094373731930498896e-02,1.016858124987909235e+02,1.286578178405761719e-01
3.000000000000000000e+00,1.000000000000000000e+01,3.313004843000000000e+09,3.720000000000000000e+02,4.836570059929600873e+00,1.468750144000000146e+00,4.836570059929600873e+00,4.836570059929600873e+00,1.510947525278252046e+00,-9.122818617832007329e-03,7.361700471277104682e-03,1.101528487972353645e+02,1.876578330993652344e-01
3.000000000000000000e+00,1.100000000000000000e+01,3.313004866000000000e+09,3.720000000000000000e+02,4.836570059929600873e+00,1.468750144000000146e+00,4.625476296959999623e+00,4.836570059929600873e+00,1.429621663178431312e+00,8.459340900155010515e-03,6.674791551656490685e-03,1.148477648103402231e+02,2.006578445434570312e-01
3.000000000000000000e+00,1.200000000000000000e+01,3.313004889000000000e+09,3.720000000000000000e+02,4.625476296959999623e+00,1.500000140800000104e+00,4.625476296959999623e+00,4.836570059929600873e+00,1.169999126118637101e+00,6.735590341915324852e-02,1.378360577467155172e-02,1.168714357479537966e+02,1.356577873229980469e-01
3.000000000000000000e+00,1.300000000000000000e+01,3.313004912000000000e+09,3.720000000000000000e+02,5.469851348838401073e+00,2.312500057599999881e+00,5.469851348838401073e+00,5.680945111807998771e+00,2.054870505271645165e+00,4.463439930237991793e-02,1.492570478832833808e-02,1.387109026337761009e+02,2.065801620483398438e-02
3.000000000000000000e+00,1.400000000000000000e+01,3.313004935000000000e+09,3.720000000000000000e+02,5.680945111807998771e+00,2.281250060800000146e+00,5.469851348838401073e+00,5.680945111807998771e+00,2.241608285728878602e+00,7.056942196211690201e-03,5.079461453121088786e-03,1.369624494065045894e+02,2.265787124633789062e-02
3.000000000000000000e+00,1.500000000000000000e+01,3.313004958000000000e+09,3.760000000000000000e+02,5.680945111807998771e+00,2.281250060800000146e+00,5.469851348838401073e+00,5.680945111807998771e+00,1.611946165908666462e+00,1.166492208653602120e-01,1.230624474543323514e-02,1.357644352349427379e+02,1.133422851562500000e-01
3.000000000000000000e+00,1.600000000000000000e+01,3.313004981000000000e+09,3.720000000000000000e+02,5.680945111807998771e+00,2.281250060800000146e+00,5.680945111807998771e+00,5.680945111807998771e+00,1.816773328141740196e+00,7.920265254562276758e-02,1.526915932912415765e-02,1.351978069320988993e+02,4.234218597412109375e-02
3.000000000000000000e+00,1.700000000000000000e+01,3.313005004000000000e+09,3.720000000000000000e+02,5.680945111807998771e+00,2.250000063999999966e+00,5.680945111807998771e+00,5.680945111807998771e+00,2.245488930843673181e+00,8.247268286898795393e-04,2.284969402284725906e-03,1.348092618181000262e+02,1.133422851562500000e-01
3.000000000000000000e+00,1.800000000000000000e+01,3.313005027000000000e+09,3.720000000000000000e+02,5.258757585868799822e+00,2.343750054400000060e+00,5.258757585868799822e+00,5.258757585868799822e+00,2.100264618092589242e+00,4.823725288574361864e-02,1.432808415841408528e-02,1.548517228117688944e+02,9.234237670898437500e-02
3.000000000000000000e+00,1.900000000000000000e+01,3.313005049000000000e+09,3.730000000000000000e+02,5.047663822899198571e+00,2.406250047999999975e+00,5.047663822899198571e+00,5.047663822899198571e+00,1.864725127177523367e+00,1.055034699590198660e-01,1.379563613742434622e-02,1.667023632047912827e+02,2.665805816650390625e-02
3.000000000000000000e+00,2.000000000000000000e+01,3.313005072000000000e+09,3.720000000000000000e+02,5.047663822899198571e+00,2.406250047999999975e+00,4.836570059929600873e+00,5.047663822899198571e+00,2.406250048000108777e+00,-2.034076415037184503e-14,6.508572233700233688e-15,1.727733908705408226e+02,5.634212493896484375e-02
3.000000000000000000e+00,2.100000000000000000e+01,3.313005096000000000e+09,3.740000000000000000e+02,5.680945111807998771e+00,2.750000012800000171e+00,5.680945111807998771e+00,5.892038874777600022e+00,2.472069897594594945e+00,4.643038790981506708e-02,1.508828724402244692e-02,1.741656801677017086e+02,1.223421096801757812e-01
3.000000000000000000e+00,2.200000000000000000e+01,3.313005114000000000e+09,3.740000000000000000e+02,5.258757585868799822e+00,2.843750003199999821e+00,5.258757585868799822e+00,5.258757585868799822e+00,2.267796017222402760e+00,1.087965232437569513e-01,1.026273995849710449e-02,1.797186490350258907e+02,1.326580047607421875e-01
3.000000000000000000e+00,2.300000000000000000e+01,3.313005139000000000e+09,3.740000000000000000e+02,5.258757585868799822e+00,2.843750003199999821e+00,5.258757585868799822e+00,5.258757585868799822e+00,2.334183876903789479e+00,9.505311501994144485e-02,1.429306494755031021e-02,1.785692005243111566e+02,5.334234237670898438e-02
3.000000000000000000e+00,2.400000000000000000e+01,3.313005165000000000e+09,3.740000000000000000e+02,5.258757585868799822e+00,2.812500006400000085e+00,5.258757585868799822e+00,5.332640402908152666e+00,2.816226447314611914e+00,1.719809055458330731e-03,1.536429429549533363e-02,1.776302144733687669e+02,1.734209060668945312e-02
3.000000000000000000e+00,2.500000000000000000e+01,3.313005187000000000e+09,3.700000000000000000e+02,5.047663822899198571e+00,2.875000000000000000e+00,5.047663822899198571e+00,5.258757585868799822e+00,2.909121322153853662e+00,-5.581618088518494614e-03,1.223494147332286272e-02,1.943700770697001303e+02,1.665782928466796875e-02
3.000000000000000000e+00,2.600000000000000000e+01,3.313005211000000000e+09,3.700000000000000000e+02,5.469851348838401073e+00,3.312499955199999846e+00,5.469851348838401073e+00,5.469851348838401073e+00,2.953515183519177967e+00,6.371993951666185541e-02,1.467680817786459931e-02,2.039542228617168291e+02,7.465791702270507812e-02
3.000000000000000000e+00,2.700000000000000000e+01,3.313005231000000000e+09,3.700000000000000000e+02,5.047663822899198571e+00,3.374999948800000205e+00,5.047663822899198571e+00,5.047663822899198571e+00,3.372994351009486635e+00,4.146735735566681484e-04,1.622333014246760564e-03,2.189780312977433994e+02,2.934217453002929688e-02
3.000000000000000000e+00,2.800000000000000000e+01,3.313005257000000000e+09,3.700000000000000000e+02,5.047663822899198571e+00,3.374999948800000205e+00,5.047663822899198571e+00,5.047663822899198571e+00,3.376508479395622153e+00,-3.158394575402609372e-04,1.622380237551287758e-03,2.156268140559419066e+02,8.265781402587890625e-02
3.000000000000000000e+00,2.900000000000000000e+01,3.313005280000000000e+09,3.700000000000000000e+02,5.258757585868799822e+00,3.374999948800000205e+00,5.047663822899198571e+00,5.258757585868799822e+00,3.237353366201407123e+00,2.374615516102899365e-02,1.540004353254169345e-02,2.113527990030334536e+02,3.134202957153320312e-02
3.000000000000000000e+00,3.000000000000000000e+01,3.313005303000000000e+09,3.700000000000000000e+02,5.892038874777600022e+00,3.624999923199999863e+00,5.892038874777600022e+00,5.892038874777600022e+00,3.776940596061852951e+00,-2.399524582248488414e-02,1.479526632117711578e-02,2.094100653038542532e+02,6.534194946289062500e-02
3.000000000000000000e+00,3.100000000000000000e+01,3.313005326000000000e+09,3.700000000000000000e+02,5.047663822899198571e+00,3.874999897599999965e+00,5.047663822899198571e+00,5.047663822899198571e+00,3.773666377384742532e+00,2.176578996576708155e-02,1.385162814303080893e-02,2.371911827863792439e+02,6.865787506103515625e-02
3.000000000000000000e+00,3.200000000000000000e+01,3.313005349000000000e+09,3.700000000000000000e+02,5.047663822899198571e+00,3.874999897599999965e+00,5.047663822899198571e+00,5.258757585868799822e+00,3.909844069772602904e+00,-8.454867425329326905e-03,1.368038460962133634e-02,2.345037295359587972e+02,4.865789413452148438e-02
3.000000000000000000e+00,3.300000000000000000e+01,3.313005372000000000e+09,3.700000000000000000e+02,5.258757585868799822e+00,3.843749900799999786e+00,5.047663822899198571e+00,5.258757585868799822e+00,4.035618967967482540e+00,-3.526441091708006070e-02,1.335123218809254782e-02,2.320753083990163077e+02,8.134222030639648438e-02
3.000000000000000000e+00,3.400000000000000000e+01,3.313005395000000000e+09,3.700000000000000000e+02,5.258757585868799822e+00,3.843749900799999786e+00,5.258757585868799822e+00,5.258757585868799822e+00,3.871268963983455436e+00,-5.451841515000189001e-03,5.748743044939317627e-03,2.297925929368792310e+02,1.334238052368164062e-02
3.000000000000000000e+00,3.500000000000000000e+01,3.313005419000000000e+09,3.700000000000000000e+02,5.047663822899198571e+00,3.906249894400000144e+00,4.836570059929600873e+00,5.047663822899198571e+00,3.906249894400008582e+00,-1.582404109095896856e-15,6.611138953481862402e-16,2.552262753971015172e+02,8.342266082763671875e-03
3.000000000000000000e+00,3.600000000000000000e+01,3.313005441000000000e+09,3.700000000000000000e+02,5.047663822899198571e+00,3.874999897599999965e+00,5.047663822899198571e+00,5.047663822899198571e+00,3.773566789349751094e+00,2.097211598165499638e-02,1.638964967408379492e-02,2.453021143830855806e+02,4.334211349487304688e-02
3.000000000000000000e+00,3.700000000000000000e+01,3.313005464000000000e+09,3.700000000000000000e+02,5.680945111807998771e+00,3.749999910399999692e+00,5.680945111807998771e+00,5.680945111807998771e+00,3.595121088649917418e+00,2.641061830332121219e-02,1.146613380242348691e-02,2.590631881203808575e+02,4.865789413452148438e-02
3.000000000000000000e+00,3.800000000000000000e+01,3.313005487000000000e+09,3.700000000000000000e+02,5.047663822899198571e+00,3.906249894400000144e+00,4.836570059929600873e+00,5.047663822899198571e+00,3.906249894400012135e+00,-2.224377393391039044e-15,1.020804885698998259e-15,2.572175843774519421e+02,8.734226226806640625e-02
3.000000000000000000e+00,3.900000000000000000e+01,3.313005510000000000e+09,3.700000000000000000e+02,5.047663822899198571e+00,3.906249894400000144e+00,5.047663822899198571e+00,5.047663822899198571e+00,3.767939774983577017e+00,2.536614160370701324e-02,1.471575201198778264e-02,2.507903525124392559e+02,8.865785598754882812e-02
3.000000000000000000e+00,4.000000000000000000e+01,3.313005534000000000e+09,3.700000000000000000e+02,5.469851348838401073e+00,4.281249855999999632e+00,5.469851348838401073e+00,5.680945111807998771e+00,4.281249855999976539e+00,3.400071064834255051e-15,4.378521674420623963e-15,2.458201780553477818e+02,2.434206008911132812e-02
3.000000000000000000e+00,4.100000000000000000e+01,3.313005556000000000e+09,3.700000000000000000e+02,5.047663822899198571e+00,4.406249843199999461e+00,4.836570059929600873e+00,5.047663822899198571e+00,4.420904781440524900e+00,-3.030027076819825482e-03,4.254097954132061640e-03,2.765316802422632918e+02,6.034231185913085938e-02
3.000000000000000000e+00,4.200000000000000000e+01,3.313005580000000000e+09,3.700000000000000000e+02,5.047663822899198571e+00,4.406249843199999461e+00,4.836570059929600873e+00,5.047663822899198571e+00,4.328222069934081873e+00,1.520984646087241918e-02,6.500434608182177609e-03,2.723709711505554196e+02,1.573419570922851562e-01
3.000000000000000000e+00,4.300000000000000000e+01,3.313005603000000000e+09,3.690000000000000000e+02,5.047663822899198571e+00,4.406249843199999461e+00,4.836570059929600873e+00,5.047663822899198571e+00,4.406249843200026106e+00,-4.513090591446510604e-15,3.716811280696051724e-15,2.683721588102352484e+02,1.173419952392578125e-01
3.000000000000000000e+00,4.400000000000000000e+01,3.313005626000000000e+09,3.690000000000000000e+02,5.047663822899198571e+00,4.406249843199999461e+00,5.047663822899198571e+00,5.047663822899198571e+00,3.983584863925881070e+00,8.133203952386271196e-02,1.497792164041480620e-02,2.671417552969168696e+02,1.734209060668945312e-02
3.000000000000000000e+00,4.500000000000000000e+01,3.313005649000000000e+09,3.740000000000000000e+02,5.258757585868799822e+00,4.343749849599999990e+00,5.258757585868799822e+00,5.258757585868799822e+00,3.748461109588343554e+00,1.117425333780861646e-01,1.324436522578885389e-02,2.738118391035125683e+02,7.734203338623046875e-02
3.000000000000000000e+00,4.600000000000000000e+01,3.313005672000000000e+09,3.740000000000000000e+02,4.836570059929600873e+00,4.406249843199999461e+00,4.836570059929600873e+00,4.836570059929600873e+00,1.806915837888359022e-01,8.739275042343431776e-01,6.131563479399792897e-03,2.798343453842169879e+02,1.213421821594238281e-01
3.000000000000000000e+00,4.700000000000000000e+01,3.313005695000000000e+09,3.740000000000000000e+02,4.836570059929600873e+00,4.406249843199999461e+00,4.836570059929600873e+00,4.836570059929600873e+00,4.406249843200011895e+00,-1.202211832482977496e-15,6.217248937900876626e-15,2.747184527423515306e+02,2.513422966003417969e-01
3.000000000000000000e+00,4.800000000000000000e+01,3.313005718000000000e+09,3.700000000000000000e+02,4.836570059929600873e+00,4.406249843199999461e+00,4.836570059929600873e+00,4.836570059929600873e+00,4.402098690163914974e+00,9.113175045999809699e-04,2.802335040976984808e-03,2.693435300989009988e+02,1.776580810546875000e-01
3.000000000000000000e+00,4.900000000000000000e+01,3.313005741000000000e+09,3.700000000000000000e+02,4.836570059929600873e+00,4.406249843199999461e+00,4.836570059929600873e+00,5.047663822899198571e+00,4.406249843200048311e+00,-9.888504178826402646e-15,9.574885353135313584e-16,2.667532068465645807e+02,2.026576995849609375e-01
3.000000000000000000e+00,5.000000000000000000e+01,3.313005762000000000e+09,3.680000000000000000e+02,4.836570059929600873e+00,4.437499840000000084e+00,4.625476296959999623e+00,4.836570059929600873e+00,4.437499839999967222e+00,5.012126117433004375e-15,9.188438912705789818e-15,2.803038419804598789e+02,1.463422775268554688e-01
3.000000000000000000e+00,5.100000000000000000e+01,3.313005787000000000e+09,3.690000000000000000e+02,4.836570059929600873e+00,4.437499840000000084e+00,4.625476296959999623e+00,4.836570059929600873e+00,4.437499839999985873e+00,2.053928421271266819e-15,4.448828066667060019e-15,2.759002884898305297e+02,5.234193801879882812e-02
3.000000000000000000e+00,5.200000000000000000e+01,3.313005810000000000e+09,3.680000000000000000e+02,4.836570059929600873e+00,4.437499840000000084e+00,4.625476296959999623e+00,4.836570059929600873e+00,4.437499839999857087e+00,2.811972405256435189e-14,7.606093472203264716e-15,2.677569570369860799e+02,6.865787506103515625e-02
3.000000000000000000e+00,5.300000000000000000e+01,3.313005833000000000e+09,3.700000000000000000e+02,5.047663822899198571e+00,4.406249843199999461e+00,4.836570059929600873e+00,5.047663822899198571e+00,4.408628575463072075e+00,-4.918221453621864211e-04,1.621909041153346293e-03,2.706872605188171974e+02,4.165792465209960938e-02
3.000000000000000000e+00,5.600000000000000000e+01,3.313005902000000000e+09,9.100000000000000000e+01,4.414382533990398372e+00,4.499999833600000443e+00,4.414382533990398372e+00,4.625476296959999623e+00,4.499999833599984456e+00,2.757568955355513331e-15,3.552713678800500929e-15,2.731480684504214196e+02,9.265804290771484375e-02
3.000000000000000000e+00,5.700000000000000000e+01,3.313005921000000000e+09,3.250000000000000000e+02,4.414382533990398372e+00,4.499999833600000443e+00,4.414382533990398372e+00,4.625476296959999623e+00,4.499999833599996890e+00,2.052936389708311625e-15,5.736835100107080420e-15,2.797048290853657591e+02,8.657932281494140625e-03
3.000000000000000000e+00,6.100000000000000000e+01,3.313006018000000000e+09,3.720000000000000000e+02,4.414382533990398372e+00,4.499999833600000443e+00,4.414382533990398372e+00,4.625476296959999623e+00,4.499999833599990673e+00,1.238102539338549478e-15,4.440892098500626162e-15,2.794134174185742268e+02,5.465793609619140625e-02
3.000000000000000000e+00,6.200000000000000000e+01,3.313006041000000000e+09,3.720000000000000000e+02,4.625476296959999623e+00,4.468749836799999819e+00,4.625476296959999623e+00,4.625476296959999623e+00,4.237567945344787645e+00,5.237015362287246456e-02,1.467834651264559101e-02,2.685016749772598814e+02,5.765771865844726562e-02
3.000000000000000000e+00,6.300000000000000000e+01,3.313006064000000000e+09,3.190000000000000000e+02,4.414382533990398372e+00,4.499999833600000443e+00,4.414382533990398372e+00,4.625476296959999623e+00,4.499999833599993337e+00,1.150663813433763954e-15,1.776356839400250465e-15,2.755117397370251524e+02,4.365777969360351562e-02
3.000000000000000000e+00,6.400000000000000000e+01,3.313006087000000000e+09,3.150000000000000000e+02,4.414382533990398372e+00,4.499999833600000443e+00,4.414382533990398372e+00,4.414382533990398372e+00,4.499999833600003996e+00,-2.413115902620874298e-16,2.664535259100375697e-15,2.784096661813433684e+02,3.342151641845703125e-03
3.000000000000000000e+00,7.700000000000000000e+01,3.313006388000000000e+09,3.760000000000000000e+02,5.322930163686400817e+00,4.849500134399999496e+00,5.111836400716799567e+00,5.322930163686400817e+00,4.305982212909066575e+00,1.003421819540121218e-01,1.350171324993854408e-02,2.792515220514965790e+02,6.434202194213867188e-02
3.000000000000000000e+00,8.800000000000000000e+01,3.313006639000000000e+09,8.600000000000000000e+01,4.478555111807999367e+00,5.037000115199999684e+00,4.267461348838400781e+00,4.478555111807999367e+00,5.037000115200025441e+00,-5.025473252186580630e-15,3.906858230842811958e-15,2.795591232509970041e+02,7.034206390380859375e-02
3.000000000000000000e+00,9.000000000000000000e+01,3.313006690000000000e+09,1.060000000000000000e+02,4.689648874777600618e+00,4.943250124800000478e+00,4.689648874777600618e+00,4.689648874777600618e+00,4.943250124799993372e+00,1.395673841204008971e-15,8.797594769014846411e-16,2.771954510978844155e+02,5.065774917602539062e-02
3.000000000000000000e+00,9.700000000000000000e+01,3.313006843000000000e+09,3.760000000000000000e+02,3.845273822899199168e+00,2.193250406400000241e+00,3.634180059929601025e+00,3.845273822899199168e+00,2.193250406400027774e+00,-6.704267094319818989e-15,1.961579707091921731e-15,9.943549157632909896e+01,2.083420753479003906e-01
3.000000000000000000e+00,9.800000000000000000e+01,3.313006870000000000e+09,3.760000000000000000e+02,3.845273822899199168e+00,2.193250406400000241e+00,3.634180059929601025e+00,3.845273822899199168e+00,2.193250406400039321e+00,-9.318644344673056896e-15,3.317967841645549795e-15,9.901456825570767251e+01,1.016578674316406250e-01
3.000000000000000000e+00,9.900000000000000000e+01,3.313006895000000000e+09,3.760000000000000000e+02,3.845273822899199168e+00,2.193250406400000241e+00,3.634180059929601025e+00,3.845273822899199168e+00,2.193250406400036212e+00,-8.649634307486693209e-15,2.841344060929790705e-15,9.828604713665589543e+01,3.634214401245117188e-02
4.000000000000000000e+00,1.000000000000000000e+00,3.313008919000000000e+09,1.790000000000000000e+02,6.636407372959999940e+00,1.082763584800000123e+00,6.460130883793599565e+00,6.685486673887999665e+00,6.125984965410805616e-01,7.082583569592092176e-02,2.979946038870732831e-03,3.710650704756826457e+01,4.053421020507812500e-01
4.000000000000000000e+00,2.000000000000000000e+00,3.313008942000000000e+09,3.780000000000000000e+02,5.648858874777599404e+00,1.359000307200000091e+00,5.437765111807998153e+00,5.648858874777599404e+00,1.249686790719466645e+00,1.935143343173624866e-02,9.827801503965999733e-03,6.940424372288842392e+01,1.086578369140625000e-01
4.000000000000000000e+00,3.000000000000000000e+00,3.313008965000000000e+09,3.760000000000000000e+02,5.226671348838400455e+00,1.421500300800000005e+00,5.015577585868799204e+00,5.226671348838400455e+00,1.421500300799986682e+00,2.170252283869925688e-15,2.111970873240099955e-15,9.242550004251458518e+01,1.073422431945800781e-01
4.000000000000000000e+00,4.000000000000000000e+00,3.313008987000000000e+09,3.760000000000000000e+02,5.437765111807998153e+00,1.421500300800000005e+00,5.226671348838400455e+00,5.437765111807998153e+00,7.613884263868127000e-01,1.203890132951709740e-01,2.360644931384873330e-02,9.720136016697767900e+01,2.334213256835937500e-02
4.000000000000000000e+00,5.000000000000000000e+00,3.313009003000000000e+09,3.760000000000000000e+02,5.015577585868799204e+00,1.421500300800000005e+00,4.804483822899197953e+00,5.015577585868799204e+00,1.393529857557635587e+00,5.821737417253215058e-03,8.443505389151746005e-03,9.925740863232623212e+01,1.734209060668945312e-02
4.000000000000000000e+00,6.000000000000000000e+00,3.313009028000000000e+09,3.760000000000000000e+02,5.015577585868799204e+00,1.421500300800000005e+00,5.015577585868799204e+00,5.015577585868799204e+00,1.421500300799943384e+00,1.084315271528849018e-14,2.374545691588198955e-15,9.886886403060270823e+01,6.580352783203125000e-04
4.000000000000000000e+00,7.000000000000000000e+00,3.313009056000000000e+09,3.760000000000000000e+02,5.015577585868799204e+00,1.421500300800000005e+00,5.015577585868799204e+00,5.015577585868799204e+00,1.421500300799943384e+00,1.084315271528849018e-14,2.374545691588198955e-15,1.001478233621057541e+02,1.934194564819335938e-02
4.000000000000000000e+00,8.000000000000000000e+00,3.313009078000000000e+09,3.760000000000000000e+02,4.804483822899197953e+00,1.484000294399999920e+00,4.804483822899197953e+00,5.015577585868799204e+00,1.482938582575736852e+00,1.862119066103182956e-04,3.218880458154264011e-03,1.092948125053059698e+02,8.165788650512695312e-02
4.000000000000000000e+00,9.000000000000000000e+00,3.313009101000000000e+09,3.760000000000000000e+02,4.804483822899197953e+00,1.484000294399999920e+00,4.593390059929600255e+00,4.804483822899197953e+00,1.484000294399979492e+00,3.999650326936088856e-15,1.193112018104710405e-15,1.146373030413271294e+02,6.434202194213867188e-02
4.000000000000000000e+00,1.000000000000000000e+01,3.313009124000000000e+09,3.760000000000000000e+02,4.804483822899197953e+00,1.484000294399999920e+00,4.593390059929600255e+00,4.804483822899197953e+00,1.443784161776457076e+00,8.934251266484493151e-03,1.180916187794156004e-02,1.174056849003973326e+02,2.006578445434570312e-01
4.000000000000000000e+00,1.100000000000000000e+01,3.313009147000000000e+09,3.760000000000000000e+02,5.226671348838400455e+00,1.921500249600000210e+00,5.226671348838400455e+00,5.437765111807998153e+00,1.820975585012561959e+00,1.887241838666435523e-02,9.938315105131918445e-03,1.259698621771600244e+02,2.253422737121582031e-01
4.000000000000000000e+00,1.200000000000000000e+01,3.313009170000000000e+09,3.760000000000000000e+02,5.648858874777599404e+00,2.359000204800000056e+00,5.437765111807998153e+00,5.648858874777599404e+00,1.760821336595974174e+00,1.024618084724097239e-01,2.924259390478044229e-02,1.396660762128018973e+02,4.265785217285156250e-02
4.000000000000000000e+00,1.300000000000000000e+01,3.313009193000000000e+09,3.760000000000000000e+02,5.648858874777599404e+00,2.359000204800000056e+00,5.437765111807998153e+00,5.648858874777599404e+00,1.664853927597998773e+00,1.198333830819258011e-01,2.832769609517358719e-02,1.387594707808905810e+02,2.406578063964843750e-01
4.000000000000000000e+00,1.400000000000000000e+01,3.313009215000000000e+09,3.740000000000000000e+02,5.648858874777599404e+00,2.359000204800000056e+00,5.437765111807998153e+00,5.648858874777599404e+00,1.290268234727938834e+00,1.853644036989788579e-01,2.844573622353405162e-02,1.381604636403925497e+02,6.765794754028320312e-02
4.000000000000000000e+00,1.500000000000000000e+01,3.313009238000000000e+09,3.760000000000000000e+02,5.648858874777599404e+00,2.296500211200000141e+00,5.437765111807998153e+00,5.648858874777599404e+00,1.929549371643916267e+00,6.748192171067721179e-02,2.533157138712528386e-02,1.377719184765913099e+02,4.265785217285156250e-02
4.000000000000000000e+00,1.600000000000000000e+01,3.313009261000000000e+09,3.760000000000000000e+02,5.648858874777599404e+00,2.296500211200000141e+00,5.437765111807998153e+00,5.648858874777599404e+00,1.722635804195016274e+00,1.063982529039695646e-01,2.810167079766300036e-02,1.379661910576660659e+02,1.383423805236816406e-01
4.000000000000000000e+00,1.700000000000000000e+01,3.313009283000000000e+09,3.740000000000000000e+02,5.648858874777599404e+00,2.296500211200000141e+00,5.437765111807998153e+00,5.648858874777599404e+00,2.093520670866789057e+00,3.732775067691766063e-02,2.004046139785553918e-02,1.363958210743848269e+02,6.034231185913085938e-02
4.000000000000000000e+00,1.800000000000000000e+01,3.313009306000000000e+09,3.740000000000000000e+02,5.648858874777599404e+00,2.296500211200000141e+00,5.437765111807998153e+00,5.648858874777599404e+00,2.278047525715123367e+00,3.393431879726317539e-03,6.426448055076782948e-03,1.357806246152266283e+02,1.156578063964843750e-01
4.000000000000000000e+00,1.900000000000000000e+01,3.313009329000000000e+09,3.740000000000000000e+02,5.437765111807998153e+00,2.359000204800000056e+00,5.437765111807998153e+00,5.437765111807998153e+00,2.359000204800134171e+00,-2.361157627751677006e-14,6.080941944488117830e-15,1.486997537984467215e+02,1.743421554565429688e-01
4.000000000000000000e+00,2.000000000000000000e+01,3.313009351000000000e+09,3.740000000000000000e+02,5.226671348838400455e+00,2.421500198399999970e+00,5.015577585868799204e+00,5.226671348838400455e+00,2.328266833175913764e+00,1.775801439798900538e-02,8.336089283510169853e-03,1.633997249873542330e+02,3.065776824951171875e-02
4.000000000000000000e+00,2.100000000000000000e+01,3.313009374000000000e+09,3.750000000000000000e+02,5.015577585868799204e+00,2.421500198399999970e+00,5.015577585868799204e+00,5.015577585868799204e+00,2.421500198400004411e+00,-2.074031094336799706e-16,3.552713678800500929e-15,1.716887004462466280e+02,3.065776824951171875e-02
4.000000000000000000e+00,2.200000000000000000e+01,3.313009397000000000e+09,3.750000000000000000e+02,5.015577585868799204e+00,2.421500198399999970e+00,4.952249456977918740e+00,5.015577585868799204e+00,2.121816877946672175e+00,6.237575804188930095e-02,2.483265367041169458e-02,1.761893566655544703e+02,1.146578788757324219e-01
4.000000000000000000e+00,2.300000000000000000e+01,3.313009420000000000e+09,3.760000000000000000e+02,5.648858874777599404e+00,2.796500159999999902e+00,5.648858874777599404e+00,5.648858874777599404e+00,2.796500159999998569e+00,-9.275333624353959331e-17,1.776356839400250465e-15,1.731295578897628218e+02,7.342338562011718750e-03
4.000000000000000000e+00,2.400000000000000000e+01,3.313009443000000000e+09,3.750000000000000000e+02,6.071046400716798352e+00,2.734000166399999987e+00,6.071046400716798352e+00,6.071046400716798352e+00,1.350859787536052847e+00,2.273668775889902405e-01,1.358783327099551998e-02,1.777921086164782309e+02,2.733421325683593750e-01
4.000000000000000000e+00,2.500000000000000000e+01,3.313009461000000000e+09,3.760000000000000000e+02,5.437765111807998153e+00,2.859000153600000260e+00,5.226671348838400455e+00,5.437765111807998153e+00,2.859000153599997152e+00,5.261329498827483431e-16,4.440892098500626162e-16,1.799129220302941405e+02,1.265764236450195312e-02
4.000000000000000000e+00,2.600000000000000000e+01,3.313009488000000000e+09,3.760000000000000000e+02,5.437765111807998153e+00,2.859000153600000260e+00,5.226671348838400455e+00,5.437765111807998153e+00,2.859000153599998040e+00,2.625888171575602232e-16,8.881784197001252323e-16,1.810138023782029109e+02,6.658077239990234375e-03
4.000000000000000000e+00,2.700000000000000000e+01,3.313009511000000000e+09,3.770000000000000000e+02,5.437765111807998153e+00,3.359000102400000021e+00,5.437765111807998153e+00,5.437765111807998153e+00,1.930047489469232325e+00,2.614384046998605715e-01,1.960272059467367892e-02,2.009429872262958554e+02,5.534219741821289062e-02
4.000000000000000000e+00,2.800000000000000000e+01,3.313009530000000000e+09,3.760000000000000000e+02,5.226671348838400455e+00,3.421500095999999935e+00,5.015577585868799204e+00,5.226671348838400455e+00,3.238139072108835670e+00,3.074309141296285852e-02,3.050663435092986278e-02,2.194313361065136974e+02,2.083420753479003906e-01
4.000000000000000000e+00,2.900000000000000000e+01,3.313009557000000000e+09,3.760000000000000000e+02,5.226671348838400455e+00,3.359000102400000021e+00,5.015577585868799204e+00,5.226671348838400455e+00,2.933499580522751948e+00,8.483579699297048859e-02,2.722532109227924005e-02,2.172943278500962947e+02,1.206579208374023438e-01
4.000000000000000000e+00,3.000000000000000000e+01,3.313009580000000000e+09,3.740000000000000000e+02,5.226671348838400455e+00,3.359000102400000021e+00,5.226671348838400455e+00,5.226671348838400455e+00,3.272321665094716003e+00,1.737937311949790120e-02,1.529681645952889885e-02,2.131498279051941154e+02,1.063423156738281250e-01
4.000000000000000000e+00,3.100000000000000000e+01,3.313009602000000000e+09,3.740000000000000000e+02,5.437765111807998153e+00,3.359000102400000021e+00,5.437765111807998153e+00,5.437765111807998153e+00,2.018511166114916211e+00,2.445129715242405910e-01,2.312536960988575280e-02,2.094586336431986808e+02,6.341934204101562500e-03
4.000000000000000000e+00,3.200000000000000000e+01,3.313009625000000000e+09,3.740000000000000000e+02,5.648858874777599404e+00,3.296500108800000106e+00,5.648858874777599404e+00,5.648858874777599404e+00,2.222762450324515804e+00,1.859656759869255938e-01,2.975946826004057660e-02,2.187028105281268324e+02,1.396579742431640625e-01
4.000000000000000000e+00,3.300000000000000000e+01,3.313009648000000000e+09,3.740000000000000000e+02,5.226671348838400455e+00,3.359000102400000021e+00,5.015577585868799204e+00,5.226671348838400455e+00,2.689780768883213380e+00,1.347228365580779574e-01,2.897603359858439906e-02,2.197875041808272556e+02,4.234218597412109375e-02
4.000000000000000000e+00,3.400000000000000000e+01,3.313009671000000000e+09,3.740000000000000000e+02,5.015577585868799204e+00,3.421500095999999935e+00,5.015577585868799204e+00,5.015577585868799204e+00,3.315428894474982346e+00,2.114835225037147923e-02,3.114238218111206255e-03,2.325771820639438658e+02,3.423690795898437500e-04
4.000000000000000000e+00,3.500000000000000000e+01,3.313009694000000000e+09,3.750000000000000000e+02,5.437765111807998153e+00,3.859000051199999781e+00,5.226671348838400455e+00,5.437765111807998153e+00,3.654955312741342777e+00,3.730331328099781990e-02,1.189298183794252305e-02,2.383082568917646711e+02,1.534223556518554688e-02
4.000000000000000000e+00,3.600000000000000000e+01,3.313009717000000000e+09,3.740000000000000000e+02,5.226671348838400455e+00,3.859000051199999781e+00,5.226671348838400455e+00,5.437765111807998153e+00,3.859000051200012660e+00,-2.269311284290802169e-15,8.765247749422581626e-16,2.360255403445017350e+02,2.376580238342285156e-01
4.000000000000000000e+00,3.700000000000000000e+01,3.313009740000000000e+09,3.740000000000000000e+02,5.226671348838400455e+00,3.859000051199999781e+00,5.226671348838400455e+00,5.437765111807998153e+00,3.859000051200008663e+00,-1.461960185043137440e-15,1.212062391934647430e-15,2.347303821983260264e+02,1.034212112426757812e-02
4.000000000000000000e+00,3.800000000000000000e+01,3.313009762000000000e+09,3.750000000000000000e+02,5.437765111807998153e+00,3.859000051199999781e+00,5.226671348838400455e+00,5.437765111807998153e+00,3.027794311842903596e+00,1.527926654928375150e-01,8.972042929621015100e-03,2.302944665155434905e+02,6.434202194213867188e-02
4.000000000000000000e+00,3.900000000000000000e+01,3.313009785000000000e+09,3.760000000000000000e+02,5.437765111807998153e+00,3.859000051199999781e+00,5.437765111807998153e+00,5.437765111807998153e+00,2.784840089930332496e+00,1.935572183803931090e-01,2.913690764889331070e-02,2.290802562769310100e+02,6.434202194213867188e-02
4.000000000000000000e+00,4.000000000000000000e+01,3.313009808000000000e+09,3.740000000000000000e+02,5.437765111807998153e+00,3.796500057599999867e+00,5.437765111807998153e+00,5.437765111807998153e+00,3.801032569258951721e+00,-8.023765081454898142e-04,3.227415630898168315e-03,2.277689093427205194e+02,1.765775680541992188e-02
4.000000000000000000e+00,4.100000000000000000e+01,3.313009831000000000e+09,3.740000000000000000e+02,5.015577585868799204e+00,3.921500044800000140e+00,5.015577585868799204e+00,5.226671348838400455e+00,4.034218598635507469e+00,-2.725332262939441849e-02,3.057292874071745534e-02,2.520531333141746302e+02,7.265806198120117188e-02
4.000000000000000000e+00,4.200000000000000000e+01,3.313009854000000000e+09,3.740000000000000000e+02,5.226671348838400455e+00,3.859000051199999781e+00,5.226671348838400455e+00,5.226671348838400455e+00,3.859568026188921586e+00,-7.667076344850796727e-05,3.227470893354326357e-03,2.459982624476598119e+02,1.386580467224121094e-01
4.000000000000000000e+00,4.300000000000000000e+01,3.313009877000000000e+09,3.740000000000000000e+02,5.648858874777599404e+00,3.796500057599999867e+00,5.648858874777599404e+00,5.648858874777599404e+00,2.516467851438662251e+00,2.239030534653843052e-01,2.636411700658515891e-02,2.575575639927188263e+02,3.043422698974609375e-01
4.000000000000000000e+00,4.400000000000000000e+01,3.313009899000000000e+09,3.750000000000000000e+02,5.015577585868799204e+00,3.921500044800000140e+00,5.015577585868799204e+00,5.015577585868799204e+00,3.921500044800067197e+00,-1.260286833011579445e-14,4.154738779760549520e-15,2.566833307159538435e+02,9.534215927124023438e-02
4.000000000000000000e+00,4.500000000000000000e+01,3.313009922000000000e+09,3.740000000000000000e+02,5.015577585868799204e+00,3.921500044800000140e+00,5.015577585868799204e+00,5.226671348838400455e+00,3.821701710108795780e+00,1.907894308031070352e-02,1.325326805934751336e-02,2.502237201439088494e+02,8.365774154663085938e-02
4.000000000000000000e+00,4.600000000000000000e+01,3.313009945000000000e+09,3.740000000000000000e+02,5.226671348838400455e+00,3.859000051199999781e+00,5.226671348838400455e+00,5.437765111807998153e+00,3.875053905400180909e+00,-2.941616732593056293e-03,5.567148899939173591e-03,2.474553166624146741e+02,9.334230422973632812e-02
4.000000000000000000e+00,4.700000000000000000e+01,3.313009963000000000e+09,3.740000000000000000e+02,5.015577585868799204e+00,3.921500044800000140e+00,5.015577585868799204e+00,5.015577585868799204e+00,3.921500044799911766e+00,1.711477232924338438e-14,2.906831703357692206e-15,2.583994183200653083e+02,2.134227752685546875e-02
4.000000000000000000e+00,4.800000000000000000e+01,3.313009991000000000e+09,3.740000000000000000e+02,5.015577585868799204e+00,3.921500044800000140e+00,5.015577585868799204e+00,5.015577585868799204e+00,3.921500044799905549e+00,1.848414200499508250e-14,2.089408520160867706e-15,2.551453278845905572e+02,4.365777969360351562e-02
4.000000000000000000e+00,4.900000000000000000e+01,3.313010014000000000e+09,3.740000000000000000e+02,5.226671348838400455e+00,3.859000051199999781e+00,5.015577585868799204e+00,5.226671348838400455e+00,3.847753578644920402e+00,2.252286813795492844e-03,5.574056156009273184e-03,2.563271616215992026e+02,2.523422241210937500e-01
4.000000000000000000e+00,5.000000000000000000e+01,3.313010037000000000e+09,3.740000000000000000e+02,5.015577585868799204e+00,3.921500044800000140e+00,4.804483822899197953e+00,5.015577585868799204e+00,3.912456600721636590e+00,2.253969121428232251e-03,1.144660183354629691e-02,2.626572593972975938e+02,1.896576881408691406e-01
4.000000000000000000e+00,5.100000000000000000e+01,3.313010060000000000e+09,3.740000000000000000e+02,5.015577585868799204e+00,3.921500044800000140e+00,4.804483822899197953e+00,5.015577585868799204e+00,3.921500044799973939e+00,4.444034101945592703e-15,4.149565404656010238e-15,2.555986339616959242e+02,2.126579284667968750e-01
4.000000000000000000e+00,5.200000000000000000e+01,3.313010083000000000e+09,3.740000000000000000e+02,5.015577585868799204e+00,3.921500044800000140e+00,5.015577585868799204e+00,5.226671348838400455e+00,3.859730568830442188e+00,1.176675237992634744e-02,1.223798634081365092e-02,2.548215378400097393e+02,1.483421325683593750e-01
4.000000000000000000e+00,5.300000000000000000e+01,3.313010105000000000e+09,3.720000000000000000e+02,4.804483822899197953e+00,3.984000038400000054e+00,4.804483822899197953e+00,5.015577585868799204e+00,3.726627571835721131e+00,4.908227206777196483e-02,2.929489908023612948e-02,2.632400818707232588e+02,8.134222030639648438e-02
4.000000000000000000e+00,5.400000000000000000e+01,3.313010129000000000e+09,3.720000000000000000e+02,4.804483822899197953e+00,3.921500044800000140e+00,4.804483822899197953e+00,5.015577585868799204e+00,4.087940417975651108e+00,-3.039067741049059079e-02,2.899204306280223423e-02,2.585127448687003380e+02,2.534198760986328125e-02
4.000000000000000000e+00,5.500000000000000000e+01,3.313010151000000000e+09,3.720000000000000000e+02,5.015577585868799204e+00,3.921500044800000140e+00,5.015577585868799204e+00,5.015577585868799204e+00,3.921500044799840268e+00,3.100918523066636202e-14,4.916784485426199632e-15,2.538339782579232065e+02,7.834196090698242188e-02
4.000000000000000000e+00,5.600000000000000000e+01,3.313010170000000000e+09,3.720000000000000000e+02,4.804483822899197953e+00,3.984000038400000054e+00,4.804483822899197953e+00,4.804483822899197953e+00,3.132460249660004692e+00,1.751788511407909310e-01,2.296510712688852943e-02,2.641143156357456974e+02,3.934192657470703125e-02
4.000000000000000000e+00,5.700000000000000000e+01,3.313010197000000000e+09,3.730000000000000000e+02,4.804483822899197953e+00,3.984000038400000054e+00,4.804483822899197953e+00,4.804483822899197953e+00,3.614441016116511030e+00,7.522125460685624709e-02,2.145159533921269651e-02,2.612649613843803991e+02,3.465795516967773438e-02
4.000000000000000000e+00,5.800000000000000000e+01,3.313010220000000000e+09,3.720000000000000000e+02,4.804483822899197953e+00,3.921500044800000140e+00,4.804483822899197953e+00,5.015577585868799204e+00,4.122113480403875485e+00,-3.708145551136970974e-02,2.867939799132277270e-02,2.540606312695973372e+02,6.965780258178710938e-02
4.000000000000000000e+00,5.900000000000000000e+01,3.313010243000000000e+09,3.720000000000000000e+02,5.015577585868799204e+00,3.921500044800000140e+00,5.015577585868799204e+00,5.015577585868799204e+00,3.921500044799847373e+00,2.903688026019064417e-14,7.502743714818377629e-15,2.578327855931592580e+02,1.657962799072265625e-03
4.000000000000000000e+00,6.000000000000000000e+01,3.313010266000000000e+09,3.720000000000000000e+02,4.804483822899197953e+00,3.984000038400000054e+00,4.593390059929600255e+00,4.804483822899197953e+00,3.984000038399980514e+00,3.862120386242089560e-15,9.604469358528280748e-16,2.634991140905228804e+02,6.965780258178710938e-02
4.000000000000000000e+00,6.100000000000000000e+01,3.313010289000000000e+09,3.740000000000000000e+02,4.804483822899197953e+00,3.984000038400000054e+00,4.804483822899197953e+00,4.804483822899197953e+00,3.016486060524201651e+00,1.992930358476531771e-01,2.293753475900063565e-02,2.575899430042041445e+02,1.256580352783203125e-01
4.000000000000000000e+00,6.200000000000000000e+01,3.313010312000000000e+09,3.720000000000000000e+02,4.804483822899197953e+00,3.921500044800000140e+00,4.804483822899197953e+00,5.015577585868799204e+00,3.933123586798480176e+00,-1.959408463461514115e-03,1.104086369543384911e-02,2.541415787748002515e+02,2.066578865051269531e-01
4.000000000000000000e+00,6.300000000000000000e+01,3.313010335000000000e+09,3.720000000000000000e+02,4.804483822899197953e+00,3.984000038400000054e+00,4.593390059929600255e+00,4.804483822899197953e+00,3.984000038399982291e+00,3.435440789812649799e-15,1.365284577536612350e-15,2.652152026931073010e+02,1.673421859741210938e-01
4.000000000000000000e+00,6.400000000000000000e+01,3.313010358000000000e+09,3.720000000000000000e+02,4.804483822899197953e+00,3.984000038400000054e+00,4.804483822899197953e+00,4.804483822899197953e+00,3.103686314422648085e+00,1.804425773119193721e-01,2.555667050446329761e-02,2.590308091048660231e+02,1.073422431945800781e-01
4.000000000000000000e+00,6.500000000000000000e+01,3.313010381000000000e+09,3.720000000000000000e+02,4.804483822899197953e+00,3.921500044800000140e+00,4.804483822899197953e+00,5.015577585868799204e+00,3.990976647182976844e+00,-1.317597599292318240e-02,1.722328840077314363e-02,2.539149257616031150e+02,5.534219741821289062e-02
4.000000000000000000e+00,6.600000000000000000e+01,3.313010403000000000e+09,3.300000000000000000e+01,4.593390059929600255e+00,4.046500031999999969e+00,4.593390059929600255e+00,4.593390059929600255e+00,1.830202085026442771e-01,8.406832065022887823e-01,1.071373801180018452e-02,2.633048399251310911e+02,3.734207153320312500e-02
4.000000000000000000e+00,6.700000000000000000e+01,3.313010426000000000e+09,3.760000000000000000e+02,4.593390059929600255e+00,3.984000038400000054e+00,4.593390059929600255e+00,4.804483822899197953e+00,3.984000038399992061e+00,1.121100952915910583e-15,2.664535259100375697e-15,2.646485696357659663e+02,4.465770721435546875e-02
4.000000000000000000e+00,6.800000000000000000e+01,3.313010449000000000e+09,3.760000000000000000e+02,4.804483822899197953e+00,3.984000038400000054e+00,4.593390059929600255e+00,4.804483822899197953e+00,3.529152565997949242e+00,9.448667227026107118e-02,1.032544144065285045e-02,2.594517363134905281e+02,2.765798568725585938e-02
4.000000000000000000e+00,6.900000000000000000e+01,3.313010472000000000e+09,3.760000000000000000e+02,4.804483822899197953e+00,3.921500044800000140e+00,4.804483822899197953e+00,5.015577585868799204e+00,3.921500044800005469e+00,-6.213809622521422464e-16,2.220446049250313081e-15,2.563757301338393972e+02,2.765798568725585938e-02
4.000000000000000000e+00,7.100000000000000000e+01,3.313010518000000000e+09,1.870000000000000000e+02,4.804483822899197953e+00,3.984000038400000054e+00,4.593390059929600255e+00,4.804483822899197953e+00,3.984000038399992061e+00,1.565908839041618458e-15,6.804272185340305942e-16,2.598402845194112274e+02,1.665782928466796875e-02
4.000000000000000000e+00,7.200000000000000000e+01,3.313010541000000000e+09,3.760000000000000000e+02,4.593390059929600255e+00,3.984000038400000054e+00,4.593390059929600255e+00,4.593390059929600255e+00,3.987962425106824416e+00,-8.247268287055131925e-04,3.218698809966167793e-03,2.618477837881777077e+02,9.365797042846679688e-02
4.000000000000000000e+00,7.300000000000000000e+01,3.313010564000000000e+09,1.780000000000000000e+02,4.593390059929600255e+00,3.984000038400000054e+00,4.593390059929600255e+00,4.593390059929600255e+00,1.812151790813273933e-01,8.323920023005307867e-01,2.942113732226707412e-02,2.642438317546952362e+02,8.134222030639648438e-02
4.000000000000000000e+00,7.400000000000000000e+01,3.313010587000000000e+09,2.370000000000000000e+02,4.681205111807997810e+00,3.968500159999999610e+00,4.681205111807997810e+00,4.681205111807997810e+00,1.731934780905254878e-01,8.107541949691743355e-01,2.664535259100375697e-15,2.549024853503357804e+02,7.665777206420898438e-02
4.000000000000000000e+00,7.500000000000000000e+01,3.313010610000000000e+09,8.900000000000000000e+01,4.640675111807999187e+00,3.969000153600000580e+00,4.640675111807999187e+00,4.640675111807999187e+00,1.762439140954088213e-01,8.178907457501910505e-01,8.938146599732115644e-03,2.598079055017613541e+02,5.765771865844726562e-02
4.000000000000000000e+00,7.600000000000000000e+01,3.313010629000000000e+09,3.520000000000000000e+02,4.851768874777600438e+00,4.437750105600000161e+00,4.640675111807999187e+00,4.851768874777600438e+00,4.448598281451744185e+00,-2.260227280194938067e-03,5.263163423206819805e-03,2.644057269054222843e+02,2.336578369140625000e-01
4.000000000000000000e+00,1.050000000000000000e+02,3.313011289000000000e+09,3.740000000000000000e+02,4.681205111807997810e+00,2.211250406400000035e+00,4.470111348838400112e+00,4.681205111807997810e+00,2.211250406399980051e+00,4.257239860979152847e-15,2.249935336284365230e-16,9.848031943348968298e+01,7.434225082397460938e-02
4.000000000000000000e+00,1.060000000000000000e+02,3.313011312000000000e+09,3.730000000000000000e+02,4.681205111807997810e+00,2.211250406400000035e+00,4.470111348838400112e+00,4.681205111807997810e+00,2.211250406399989377e+00,2.233347302742208683e-15,3.050507795364178076e-16,9.950024901075350670e+01,1.773419380187988281e-01
4.000000000000000000e+00,1.070000000000000000e+02,3.313011332000000000e+09,3.720000000000000000e+02,4.681205111807997810e+00,2.211250406400000035e+00,4.470111348838400112e+00,4.681205111807997810e+00,2.211250406399996038e+00,6.329779710939189919e-16,1.011002584891518795e-15,9.950024901075350670e+01,1.096577644348144531e-01
4.000000000000000000e+00,1.080000000000000000e+02,3.313011363000000000e+09,3.780000000000000000e+02,4.892298874777599060e+00,2.211250406400000035e+00,4.681205111807997810e+00,4.892298874777599060e+00,2.211250406399956514e+00,8.340837777586416625e-15,2.938661478496156235e-15,9.826985777863814064e+01,9.534215927124023438e-02
5.000000000000000000e+00,1.000000000000000000e+00,3.312994434000000000e+09,1.800000000000000000e+02,6.734565974815999390e+00,1.047363192000000165e+00,6.570559310881600723e+00,6.783645275744000003e+00,1.248130966002991560e+00,-2.985832145472406413e-02,4.604512146151053774e-03,3.004795580519726172e+01,4.867515563964843750e-01
5.000000000000000000e+00,2.000000000000000000e+00,3.312994458000000000e+09,1.810000000000000000e+02,5.548482869056000411e+00,1.306152270400000148e+00,5.409424849759999709e+00,5.589382286495999885e+00,1.603395632247178737e+00,-5.381754344229700698e-02,4.201198641788073812e-03,6.704059924634040613e+01,4.875135421752929688e-02
5.000000000000000000e+00,3.000000000000000000e+00,3.312994482000000000e+09,3.580000000000000000e+02,5.072995111807999891e+00,1.406750156800000262e+00,5.072995111807999891e+00,5.072995111807999891e+00,1.409760051074801179e+00,-6.281688787559577781e-04,2.329117600972369865e-03,9.245787875300329972e+01,1.252484321594238281e-01
5.000000000000000000e+00,4.000000000000000000e+00,3.312994504000000000e+09,3.600000000000000000e+02,5.072995111807999891e+00,1.375500160000000305e+00,5.072995111807999891e+00,5.284088874777601141e+00,1.398127180121754742e+00,-4.282104381278684091e-03,4.294118203089312275e-03,9.652140715922011793e+01,3.775167465209960938e-02
5.000000000000000000e+00,5.000000000000000000e+00,3.312994518000000000e+09,3.580000000000000000e+02,5.072995111807999891e+00,1.438000153600000219e+00,4.861901348838401304e+00,5.072995111807999891e+00,1.402299317386347166e+00,5.764978022926878741e-03,1.288634318605762392e-02,9.909551504771319230e+01,3.375148773193359375e-02
5.000000000000000000e+00,6.000000000000000000e+00,3.312994545000000000e+09,3.740000000000000000e+02,5.072995111807999891e+00,1.438000153600000219e+00,4.861901348838401304e+00,5.072995111807999891e+00,1.017539747186681609e+00,8.144190191778935550e-02,1.284407161306339550e-02,9.975927874974168219e+01,1.975154876708984375e-02
5.000000000000000000e+00,7.000000000000000000e+00,3.312994570000000000e+09,3.570000000000000000e+02,5.072995111807999891e+00,1.438000153600000219e+00,4.861901348838401304e+00,5.072995111807999891e+00,1.438000153599996889e+00,5.584043994644185260e-16,5.058757101642628611e-16,9.941930221774313736e+01,3.524827957153320312e-02
5.000000000000000000e+00,8.000000000000000000e+00,3.312994595000000000e+09,3.580000000000000000e+02,5.072995111807999891e+00,1.438000153600000219e+00,4.861901348838401304e+00,5.072995111807999891e+00,1.438000153600036857e+00,-6.632861715078725116e-15,3.326779989000085666e-15,9.966214259737893144e+01,6.124830245971679688e-02
5.000000000000000000e+00,9.000000000000000000e+00,3.312994618000000000e+09,3.580000000000000000e+02,5.706276400716800090e+00,1.781750118400000193e+00,5.495182637747201504e+00,5.706276400716800090e+00,1.999961219190343753e+00,-3.834846260597833678e-02,5.042459961692102692e-03,1.027219315380579729e+02,9.775161743164062500e-02
5.000000000000000000e+00,1.000000000000000000e+01,3.312994640000000000e+09,3.560000000000000000e+02,5.072995111807999891e+00,1.875500108800000287e+00,5.072995111807999891e+00,5.284088874777601141e+00,1.919331444102749362e+00,-8.230538291292270603e-03,6.800450750617737655e-03,1.251927722505957803e+02,3.724861145019531250e-02
5.000000000000000000e+00,1.100000000000000000e+01,3.312994663000000000e+09,3.570000000000000000e+02,5.072995111807999891e+00,1.938000102400000202e+00,4.861901348838401304e+00,5.072995111807999891e+00,1.940425716974696568e+00,-5.000016585908473570e-04,1.650988112801099993e-03,1.379338122940389724e+02,2.075147628784179688e-02
5.000000000000000000e+00,1.200000000000000000e+01,3.312994685000000000e+09,3.580000000000000000e+02,5.072995111807999891e+00,1.906750105600000245e+00,5.072995111807999891e+00,5.072995111807999891e+00,2.257216031724182947e+00,-6.908461735128304526e-02,3.191220754960429062e-03,1.334817327271184411e+02,7.875156402587890625e-02
5.000000000000000000e+00,1.300000000000000000e+01,3.312994708000000000e+09,3.570000000000000000e+02,5.284088874777601141e+00,1.844250112000000108e+00,5.241870122183681424e+00,5.284088874777601141e+00,2.427966858288653995e+00,-1.092456917870883726e-01,1.243089216512711578e-02,1.386785238690908102e+02,4.524850845336914062e-02
5.000000000000000000e+00,1.400000000000000000e+01,3.312994731000000000e+09,3.570000000000000000e+02,5.072995111807999891e+00,1.938000102400000202e+00,4.861901348838401304e+00,5.072995111807999891e+00,1.938000102399996871e+00,7.651593336070255820e-16,4.417506511524834905e-16,1.388889858403704238e+02,2.392482757568359375e-01
5.000000000000000000e+00,1.500000000000000000e+01,3.312994753000000000e+09,3.580000000000000000e+02,5.072995111807999891e+00,1.906750105600000245e+00,4.861901348838401304e+00,5.072995111807999891e+00,2.325951924387644976e+00,-8.052936741611868565e-02,1.445457365232578895e-02,1.352139963119890353e+02,7.248401641845703125e-03
5.000000000000000000e+00,1.600000000000000000e+01,3.312994776000000000e+09,3.580000000000000000e+02,5.072995111807999891e+00,1.875500108800000287e+00,5.072995111807999891e+00,5.072995111807999891e+00,2.368399722504091809e+00,-9.694309977463015648e-02,5.448905567793028287e-03,1.339350353351401566e+02,7.824850082397460938e-02
5.000000000000000000e+00,1.700000000000000000e+01,3.312994792000000000e+09,3.570000000000000000e+02,5.072995111807999891e+00,1.938000102400000202e+00,4.861901348838401304e+00,5.072995111807999891e+00,1.952305201153096359e+00,-2.840338943836878856e-03,1.624683896896959292e-03,1.389699327529207835e+02,2.012486457824707031e-01
5.000000000000000000e+00,1.800000000000000000e+01,3.312994821000000000e+09,3.560000000000000000e+02,5.284088874777601141e+00,2.344250060800000313e+00,5.284088874777601141e+00,5.284088874777601141e+00,2.296794130816968593e+00,7.018296086311397522e-03,1.470617257927360651e-02,1.458018532316346239e+02,4.524850845336914062e-02
5.000000000000000000e+00,1.900000000000000000e+01,3.312994844000000000e+09,3.560000000000000000e+02,5.072995111807999891e+00,2.406750054400000227e+00,5.072995111807999891e+00,5.072995111807999891e+00,2.463241935913786484e+00,-1.161929818409035246e-02,8.261468858347605776e-03,1.655367261208843672e+02,4.524850845336914062e-02
5.000000000000000000e+00,2.000000000000000000e+01,3.312994867000000000e+09,3.580000000000000000e+02,5.072995111807999891e+00,2.438000051200000406e+00,4.861901348838401304e+00,5.072995111807999891e+00,2.378082230718476797e+00,9.675451008973889183e-03,1.499658787809679192e-02,1.754284542752751861e+02,1.827516555786132812e-01
5.000000000000000000e+00,2.100000000000000000e+01,3.312994885000000000e+09,3.560000000000000000e+02,4.861901348838401304e+00,2.438000051200000406e+00,4.861901348838401304e+00,5.072995111807999891e+00,2.438000051199973317e+00,4.417715367381675570e-15,5.461524421195488370e-15,1.795405654579493842e+02,1.812486648559570312e-01
5.000000000000000000e+00,2.200000000000000000e+01,3.312994912000000000e+09,3.560000000000000000e+02,5.072995111807999891e+00,2.438000051200000406e+00,4.861901348838401304e+00,5.072995111807999891e+00,2.365301077277562669e+00,1.322196795087701021e-02,1.254398104861769760e-02,1.739714072360193029e+02,5.275154113769531250e-02
5.000000000000000000e+00,2.300000000000000000e+01,3.312994930000000000e+09,3.540000000000000000e+02,4.861901348838401304e+00,2.438000051200000406e+00,4.650807585868800942e+00,4.861901348838401304e+00,2.672543633014433873e+00,-4.818787476869743763e-02,5.246480919665274904e-03,1.797672172836380469e+02,2.724838256835937500e-02
5.000000000000000000e+00,2.400000000000000000e+01,3.312994958000000000e+09,3.520000000000000000e+02,5.072995111807999891e+00,2.438000051200000406e+00,4.861901348838401304e+00,5.072995111807999891e+00,2.432129541791542948e+00,1.155969118283826924e-03,1.658946455121497682e-03,1.756227272228725269e+02,8.675146102905273438e-02
5.000000000000000000e+00,2.500000000000000000e+01,3.312994980000000000e+09,3.530000000000000000e+02,5.072995111807999891e+00,2.375500057600000048e+00,5.072995111807999891e+00,5.072995111807999891e+00,2.402819528911430247e+00,-3.619348875063241149e-03,1.412260954556387137e-02,1.748294460335815188e+02,8.375167846679687500e-02
5.000000000000000000e+00,2.600000000000000000e+01,3.312995003000000000e+09,3.540000000000000000e+02,4.861901348838401304e+00,2.438000051200000406e+00,4.650807585868800942e+00,4.861901348838401304e+00,2.522075858229643419e+00,-1.727403334339544516e-02,3.484757483891163469e-03,1.778568662741419644e+02,1.075172424316406250e-02
5.000000000000000000e+00,2.700000000000000000e+01,3.312995026000000000e+09,3.540000000000000000e+02,5.072995111807999891e+00,2.406750054400000227e+00,4.861901348838401304e+00,5.072995111807999891e+00,2.561460597539219730e+00,-3.042589635129746423e-02,6.021549926540956978e-03,1.719639203984868345e+02,8.175134658813476562e-02
5.000000000000000000e+00,2.800000000000000000e+01,3.312995044000000000e+09,3.540000000000000000e+02,4.861901348838401304e+00,2.438000051200000406e+00,4.650807585868800942e+00,4.861901348838401304e+00,2.490390993483946325e+00,-1.073163808354428254e-02,4.263558578729723623e-03,1.792653453878922676e+02,1.822485923767089844e-01
5.000000000000000000e+00,2.900000000000000000e+01,3.312995071000000000e+09,3.530000000000000000e+02,5.284088874777601141e+00,2.844250009600000073e+00,5.072995111807999891e+00,5.284088874777601141e+00,3.014864717307551789e+00,-3.194289697237959885e-02,8.855341575527107822e-03,1.783911169590383565e+02,4.751682281494140625e-03
5.000000000000000000e+00,3.000000000000000000e+01,3.312995094000000000e+09,3.520000000000000000e+02,5.072995111807999891e+00,2.906750003199999988e+00,4.861901348838401304e+00,5.072995111807999891e+00,2.975569840983198322e+00,-1.366362287792879590e-02,4.694264645021762640e-03,2.013315337265499352e+02,1.397514343261718750e-01
5.000000000000000000e+00,3.100000000000000000e+01,3.312995116000000000e+09,3.530000000000000000e+02,4.861901348838401304e+00,2.938000000000000167e+00,4.650807585868800942e+00,4.861901348838401304e+00,3.026989619704376189e+00,-1.827785291166546602e-02,5.842588540280455912e-03,2.115146934896159223e+02,3.375148773193359375e-02
5.000000000000000000e+00,3.200000000000000000e+01,3.312995139000000000e+09,3.510000000000000000e+02,5.495182637747201504e+00,3.312999961600000098e+00,5.284088874777601141e+00,5.495182637747201504e+00,3.326779828371353886e+00,-3.541590089776475592e-03,1.191358904023348195e-02,2.114175567974506578e+02,8.124828338623046875e-02
5.000000000000000000e+00,3.300000000000000000e+01,3.312995155000000000e+09,3.500000000000000000e+02,5.072995111807999891e+00,3.406749952000000192e+00,5.072995111807999891e+00,5.072995111807999891e+00,3.560209824549291024e+00,-3.156375696227659011e-02,1.248457199931216760e-02,2.190913574985637524e+02,2.375173568725585938e-02
5.000000000000000000e+00,3.400000000000000000e+01,3.312995180000000000e+09,3.520000000000000000e+02,5.072995111807999891e+00,3.375499955200000013e+00,5.072995111807999891e+00,5.072995111807999891e+00,3.902106214999087275e+00,-1.018852970180966488e-01,1.422656486310552859e-02,2.176666853260329901e+02,1.412482261657714844e-01
5.000000000000000000e+00,3.500000000000000000e+01,3.312995207000000000e+09,3.500000000000000000e+02,5.072995111807999891e+00,3.375499955200000013e+00,5.072995111807999891e+00,5.072995111807999891e+00,3.958627017577087237e+00,-1.135105437112498838e-01,1.308253070622438993e-02,2.177152536931821203e+02,3.275156021118164062e-02
5.000000000000000000e+00,3.600000000000000000e+01,3.312995230000000000e+09,3.500000000000000000e+02,5.072995111807999891e+00,3.375499955200000013e+00,5.072995111807999891e+00,5.072995111807999891e+00,4.085133516809233534e+00,-1.395305079506336809e-01,7.252341611546980413e-03,2.148497203155748423e+02,1.877517700195312500e-01
5.000000000000000000e+00,3.700000000000000000e+01,3.312995253000000000e+09,3.530000000000000000e+02,4.861901348838401304e+00,3.406749952000000192e+00,4.861901348838401304e+00,4.861901348838401304e+00,3.762012699854246911e+00,-7.006819082530831022e-02,1.525128238423796058e-02,2.368026352941055848e+02,6.275177001953125000e-02
5.000000000000000000e+00,3.800000000000000000e+01,3.312995275000000000e+09,3.500000000000000000e+02,4.650807585868800942e+00,3.437999948799999927e+00,4.650807585868800942e+00,4.861901348838401304e+00,3.484783595861002947e+00,-9.622500273928094594e-03,5.823625467867995890e-03,2.483781177537513543e+02,5.275154113769531250e-02
5.000000000000000000e+00,3.900000000000000000e+01,3.312995298000000000e+09,3.520000000000000000e+02,4.861901348838401304e+00,3.906749900800000397e+00,4.861901348838401304e+00,5.072995111807999891e+00,3.964467276645207594e+00,-1.149748156740568357e-02,5.300567236029279407e-03,2.577680275689519362e+02,1.075172424316406250e-02
5.000000000000000000e+00,4.000000000000000000e+01,3.312995321000000000e+09,3.520000000000000000e+02,4.861901348838401304e+00,3.906749900800000397e+00,4.861901348838401304e+00,5.072995111807999891e+00,4.062604402397568926e+00,-3.177703443810013517e-02,5.061480042346541350e-03,2.506122680509266729e+02,2.482485771179199219e-01
5.000000000000000000e+00,4.100000000000000000e+01,3.312995344000000000e+09,3.500000000000000000e+02,5.072995111807999891e+00,3.875499904000000218e+00,4.861901348838401304e+00,5.072995111807999891e+00,4.203679259117429012e+00,-6.446174179003286153e-02,8.233973279226836431e-03,2.477305380333201299e+02,6.175136566162109375e-02
5.000000000000000000e+00,4.200000000000000000e+01,3.312995366000000000e+09,3.520000000000000000e+02,5.072995111807999891e+00,3.875499904000000218e+00,5.072995111807999891e+00,5.072995111807999891e+00,4.017393163217972685e+00,-2.918472610553382932e-02,1.239716349086844756e-02,2.462896732769377479e+02,3.224849700927734375e-02
5.000000000000000000e+00,4.300000000000000000e+01,3.312995389000000000e+09,3.510000000000000000e+02,5.284088874777601141e+00,3.812999910400000303e+00,5.072995111807999891e+00,5.284088874777601141e+00,4.138577681744601833e+00,-6.144080114574738960e-02,7.430830351067606657e-03,2.528464187567439012e+02,1.862483024597167969e-01
5.000000000000000000e+00,4.400000000000000000e+01,3.312995412000000000e+09,3.500000000000000000e+02,4.861901348838401304e+00,3.937999897600000132e+00,4.650807585868800942e+00,4.861901348838401304e+00,4.024953056869422063e+00,-1.796843696637343002e-02,6.795919543255754709e-03,2.635314931184045122e+02,1.977515220642089844e-01
5.000000000000000000e+00,4.500000000000000000e+01,3.312995434000000000e+09,3.490000000000000000e+02,4.650807585868800942e+00,3.969249894399999867e+00,4.439713822899199691e+00,4.650807585868800942e+00,4.110999569007821819e+00,-3.047850765499659706e-02,3.943925542567986234e-03,2.789924894691630470e+02,1.075172424316406250e-02
5.000000000000000000e+00,4.600000000000000000e+01,3.312995457000000000e+09,3.500000000000000000e+02,4.650807585868800942e+00,3.969249894399999867e+00,4.439713822899199691e+00,4.650807585868800942e+00,4.150298874784921210e+00,-3.884722231447346186e-02,8.059043832931434004e-03,2.708653452852599344e+02,3.775167465209960938e-02
5.000000000000000000e+00,4.700000000000000000e+01,3.312995480000000000e+09,3.480000000000000000e+02,4.650807585868800942e+00,3.969249894399999867e+00,4.439713822899199691e+00,4.650807585868800942e+00,4.205306495379510956e+00,-5.075604540096391448e-02,4.704146886634769271e-03,2.707843976638009167e+02,4.751682281494140625e-03
5.000000000000000000e+00,4.800000000000000000e+01,3.312995503000000000e+09,3.480000000000000000e+02,4.439713822899199691e+00,4.000499891200000491e+00,4.439713822899199691e+00,4.439713822899199691e+00,4.154334402340355226e+00,-3.398548435568803788e-02,8.803165066574218309e-03,2.769526080972868272e+02,2.027516365051269531e-01
5.000000000000000000e+00,4.900000000000000000e+01,3.312995526000000000e+09,3.470000000000000000e+02,4.650807585868800942e+00,3.969249894399999867e+00,4.439713822899199691e+00,4.650807585868800942e+00,4.136254713038682418e+00,-3.588528440150860060e-02,5.885435593908843604e-03,2.687283282731021359e+02,2.175140380859375000e-02
5.000000000000000000e+00,5.000000000000000000e+01,3.312995548000000000e+09,3.440000000000000000e+02,4.439713822899199691e+00,4.000499891200000491e+00,4.439713822899199691e+00,4.439713822899199691e+00,4.105495349267582306e+00,-2.315293540208139891e-02,7.761854748505418559e-03,2.794619860291656437e+02,3.751754760742187500e-03
5.000000000000000000e+00,5.100000000000000000e+01,3.312995571000000000e+09,3.440000000000000000e+02,4.439713822899199691e+00,4.000499891200000491e+00,4.439713822899199691e+00,4.650807585868800942e+00,4.062586692609757577e+00,-1.631769957726228806e-02,1.528581704960129718e-02,2.717395796340974243e+02,7.751464843750000000e-03
5.000000000000000000e+00,5.200000000000000000e+01,3.312995594000000000e+09,3.460000000000000000e+02,5.072995111807999891e+00,4.375499852799999978e+00,4.861901348838401304e+00,5.072995111807999891e+00,4.724007516359065129e+00,-6.771140986354165503e-02,1.188143709208324544e-02,2.743622830897113545e+02,2.002482414245605469e-01
5.000000000000000000e+00,5.300000000000000000e+01,3.312995617000000000e+09,3.470000000000000000e+02,5.072995111807999891e+00,4.375499852799999978e+00,5.072995111807999891e+00,5.072995111807999891e+00,1.636635190617451163e-01,8.302642321815296711e-01,1.675168707942051218e-03,2.703472805179599732e+02,1.175165176391601562e-02
5.000000000000000000e+00,5.400000000000000000e+01,3.312995632000000000e+09,3.460000000000000000e+02,4.650807585868800942e+00,4.469249843200000072e+00,4.650807585868800942e+00,4.650807585868800942e+00,4.469249843199658123e+00,7.288698350327277199e-14,3.322573217171987378e-15,2.777458952524173696e+02,1.424837112426757812e-02
5.000000000000000000e+00,5.500000000000000000e+01,3.312995660000000000e+09,3.340000000000000000e+02,4.650807585868800942e+00,4.469249843200000072e+00,4.650807585868800942e+00,4.650807585868800942e+00,4.469249843200420180e+00,-8.853353342882026061e-14,8.909132027061936570e-15,2.802228942900080710e+02,7.475137710571289062e-02
5.000000000000000000e+00,5.600000000000000000e+01,3.312995685000000000e+09,3.410000000000000000e+02,4.861901348838401304e+00,4.437999846400000337e+00,4.650807585868800942e+00,4.861901348838401304e+00,4.416980482628971139e+00,4.648724946961916779e-03,6.184114974167068297e-03,2.671903238541388532e+02,5.275154113769531250e-02
5.000000000000000000e+00,5.700000000000000000e+01,3.312995707000000000e+09,1.900000000000000000e+02,5.072995111807999891e+00,4.406749849600000601e+00,5.072995111807999891e+00,5.072995111807999891e+00,4.485410878706390214e+00,-1.617906729538775429e-02,9.568776965139025314e-03,2.740870610932105933e+02,8.675146102905273438e-02
5.000000000000000000e+00,5.800000000000000000e+01,3.312995730000000000e+09,9.800000000000000000e+01,4.650807585868800942e+00,4.469249843200000072e+00,4.650807585868800942e+00,4.650807585868800942e+00,1.975062531372205332e-01,9.185635803471093874e-01,3.140579334589598762e-03,2.778106533900572686e+02,1.475143432617187500e-02
5.000000000000000000e+00,5.900000000000000000e+01,3.312995753000000000e+09,3.100000000000000000e+02,4.650807585868800942e+00,4.469249843200000072e+00,4.650807585868800942e+00,4.650807585868800942e+00,1.974921622242494512e-01,9.184980462221704611e-01,7.105427357601001859e-15,2.709948614808036496e+02,2.287516593933105469e-01
5.000000000000000000e+00,6.000000000000000000e+01,3.312995775000000000e+09,3.720000000000000000e+02,4.861901348838401304e+00,4.406749849600000601e+00,4.861901348838401304e+00,5.072995111807999891e+00,4.411002844511566323e+00,-1.934170909332798760e-03,1.194100030814027047e-02,2.691816348783521562e+02,3.575134277343750000e-02
5.000000000000000000e+00,6.200000000000000000e+01,3.312995821000000000e+09,1.500000000000000000e+01,4.650807585868800942e+00,4.469249843200000072e+00,4.650807585868800942e+00,4.650807585868800942e+00,1.974921622242492569e-01,9.184980462221709052e-01,5.329070518200751394e-15,2.669312915513382904e+02,1.582484245300292969e-01
5.000000000000000000e+00,6.300000000000000000e+01,3.312995844000000000e+09,1.680000000000000000e+02,4.439713822899199691e+00,4.500499839999999807e+00,4.439713822899199691e+00,4.650807585868800942e+00,4.491784670132615176e+00,1.873904629781957074e-03,3.388005368907605341e-03,2.790734371504827322e+02,1.027517318725585938e-01
5.000000000000000000e+00,6.400000000000000000e+01,3.312995866000000000e+09,3.740000000000000000e+02,4.650807585868800942e+00,4.469249843200000072e+00,4.650807585868800942e+00,4.650807585868800942e+00,3.929284872791079852e+00,1.159905781117763629e-01,4.425645484624104488e-03,2.683559692894608020e+02,5.824851989746093750e-02
5.000000000000000000e+00,6.500000000000000000e+01,3.312995889000000000e+09,3.440000000000000000e+02,4.439713822899199691e+00,4.500499839999999807e+00,4.439713822899199691e+00,4.650807585868800942e+00,4.796054692025070842e+00,-6.814653647378415835e-02,1.337212454219285571e-02,2.798667244591702001e+02,6.275177001953125000e-02
5.000000000000000000e+00,6.600000000000000000e+01,3.312995912000000000e+09,3.300000000000000000e+02,4.650807585868800942e+00,4.469249843200000072e+00,4.439713822899199691e+00,4.650807585868800942e+00,4.476733521673097016e+00,-1.609113758185259924e-03,1.710880946561438515e-03,2.688254654012752667e+02,2.172484397888183594e-01
5.000000000000000000e+00,6.700000000000000000e+01,3.312995935000000000e+09,3.080000000000000000e+02,4.439713822899199691e+00,4.500499839999999807e+00,4.439713822899199691e+00,4.650807585868800942e+00,4.701650846977560860e+00,-4.600739001445549453e-02,1.200015623975341471e-02,2.773249673670604238e+02,3.475141525268554688e-02
5.000000000000000000e+00,8.200000000000000000e+01,3.312996276000000000e+09,1.200000000000000000e+01,4.650807585868800942e+00,4.969249792000000276e+00,4.650807585868800942e+00,4.650807585868800942e+00,2.192414863952932558e-01,1.019649968064381573e+00,1.353164554849147459e-02,2.722900235182542019e+02,1.952486038208007812e-01
5.000000000000000000e+00,1.040000000000000000e+02,3.312996764000000000e+09,3.760000000000000000e+02,1.484401141324799500e+00,2.750500019199999979e+00,1.484401141324799500e+00,1.695494904294400751e+00,2.762065728017019328e+00,-7.791498197511540977e-03,3.842298772144508122e-03,9.911170440613835808e+01,4.024839401245117188e-02
5.000000000000000000e+00,1.050000000000000000e+02,3.312996764000000000e+09,3.760000000000000000e+02,1.484401141324799500e+00,2.750500019199999979e+00,1.484401141324799500e+00,1.695494904294400751e+00,2.762065728017019328e+00,-7.791498197511540977e-03,3.842298772144508122e-03,9.911170440613835808e+01,4.024839401245117188e-02
5.000000000000000000e+00,1.060000000000000000e+02,3.312996764000000000e+09,3.760000000000000000e+02,1.484401141324799500e+00,2.750500019199999979e+00,1.484401141324799500e+00,1.695494904294400751e+00,2.762065728017019328e+00,-7.791498197511540977e-03,3.842298772144508122e-03,9.911170440613835808e+01,4.024839401245117188e-02
